[INFO] Scanning for projects...
[INFO] 
[INFO] ---------------------------< com.tlat:tlat >----------------------------
[INFO] Building tlat 0.0.1-SNAPSHOT
[INFO]   from pom.xml
[INFO] --------------------------------[ jar ]---------------------------------
[INFO] 
[INFO] >>> spring-boot:3.5.0:run (default-cli) > test-compile @ tlat >>>
[INFO] 
[INFO] --- resources:3.3.1:resources (default-resources) @ tlat ---
[INFO] Copying 1 resource from src\main\resources to target\classes
[INFO] Copying 29 resources from src\main\resources to target\classes
[INFO] 
[INFO] --- compiler:3.14.0:compile (default-compile) @ tlat ---
[INFO] Nothing to compile - all classes are up to date.
[INFO] 
[INFO] --- resources:3.3.1:testResources (default-testResources) @ tlat ---
[INFO] Copying 1 resource from src\test\resources to target\test-classes
[INFO] 
[INFO] --- compiler:3.14.0:testCompile (default-testCompile) @ tlat ---
[INFO] Nothing to compile - all classes are up to date.
[INFO] 
[INFO] <<< spring-boot:3.5.0:run (default-cli) < test-compile @ tlat <<<
[INFO] 
[INFO] 
[INFO] --- spring-boot:3.5.0:run (default-cli) @ tlat ---
[INFO] Attaching agents: []

  .   ____          _            __ _ _
 /\\ / ___'_ __ _ _(_)_ __  __ _ \ \ \ \
( ( )\___ | '_ | '_| | '_ \/ _` | \ \ \ \
 \\/  ___)| |_)| | | | | || (_| |  ) ) ) )
  '  |____| .__|_| |_|_| |_\__, | / / / /
 =========|_|==============|___/=/_/_/_/

 :: Spring Boot ::                (v3.5.0)

2026-03-16T02:07:55.734+04:00  INFO 10820 --- [  restartedMain] com.tlat.tlat                            : Starting tlat using Java 17.0.12 with PID 10820 (C:\Users\xenycx\Desktop\Projects\tlat-springboot - georgian test\target\classes started by xenycx in C:\Users\xenycx\Desktop\Projects\tlat-springboot - georgian test)
2026-03-16T02:07:55.737+04:00  INFO 10820 --- [  restartedMain] com.tlat.tlat                            : No active profile set, falling back to 1 default profile: "default"
2026-03-16T02:07:55.863+04:00  INFO 10820 --- [  restartedMain] .e.DevToolsPropertyDefaultsPostProcessor : Devtools property defaults active! Set 'spring.devtools.add-properties' to 'false' to disable
2026-03-16T02:07:55.863+04:00  INFO 10820 --- [  restartedMain] .e.DevToolsPropertyDefaultsPostProcessor : For additional web related logging consider setting the 'logging.level.web' property to 'DEBUG'
2026-03-16T02:07:56.832+04:00  INFO 10820 --- [  restartedMain] .s.d.r.c.RepositoryConfigurationDelegate : Multiple Spring Data modules found, entering strict repository configuration mode
2026-03-16T02:07:56.833+04:00  INFO 10820 --- [  restartedMain] .s.d.r.c.RepositoryConfigurationDelegate : Bootstrapping Spring Data JDBC repositories in DEFAULT mode.
2026-03-16T02:07:56.865+04:00  INFO 10820 --- [  restartedMain] .RepositoryConfigurationExtensionSupport : Spring Data JDBC - Could not safely identify store assignment for repository candidate interface com.tlat.Repository.AppSettingRepository; If you want this repository to be a JDBC repository, consider annotating your entities with one of these annotations: org.springframework.data.relational.core.mapping.Table.
2026-03-16T02:07:56.866+04:00  INFO 10820 --- [  restartedMain] .RepositoryConfigurationExtensionSupport : Spring Data JDBC - Could not safely identify store assignment for repository candidate interface com.tlat.Repository.AttendanceRecordRepository; If you want this repository to be a JDBC repository, consider annotating your entities with one of these annotations: org.springframework.data.relational.core.mapping.Table.
2026-03-16T02:07:56.867+04:00  INFO 10820 --- [  restartedMain] .RepositoryConfigurationExtensionSupport : Spring Data JDBC - Could not safely identify store assignment for repository candidate interface com.tlat.Repository.LearningResourceRepository; If you want this repository to be a JDBC repository, consider annotating your entities with one of these annotations: org.springframework.data.relational.core.mapping.Table.
2026-03-16T02:07:56.868+04:00  INFO 10820 --- [  restartedMain] .RepositoryConfigurationExtensionSupport : Spring Data JDBC - Could not safely identify store assignment for repository candidate interface com.tlat.Repository.LectureRepository; If you want this repository to be a JDBC repository, consider annotating your entities with one of these annotations: org.springframework.data.relational.core.mapping.Table.
2026-03-16T02:07:56.869+04:00  INFO 10820 --- [  restartedMain] .RepositoryConfigurationExtensionSupport : Spring Data JDBC - Could not safely identify store assignment for repository candidate interface com.tlat.Repository.LectureScheduleRepository; If you want this repository to be a JDBC repository, consider annotating your entities with one of these annotations: org.springframework.data.relational.core.mapping.Table.
2026-03-16T02:07:56.870+04:00  INFO 10820 --- [  restartedMain] .RepositoryConfigurationExtensionSupport : Spring Data JDBC - Could not safely identify store assignment for repository candidate interface com.tlat.Repository.ResourceAuditLogRepository; If you want this repository to be a JDBC repository, consider annotating your entities with one of these annotations: org.springframework.data.relational.core.mapping.Table.
2026-03-16T02:07:56.870+04:00  INFO 10820 --- [  restartedMain] .RepositoryConfigurationExtensionSupport : Spring Data JDBC - Could not safely identify store assignment for repository candidate interface com.tlat.Repository.RoleRepository; If you want this repository to be a JDBC repository, consider annotating your entities with one of these annotations: org.springframework.data.relational.core.mapping.Table.
2026-03-16T02:07:56.872+04:00  INFO 10820 --- [  restartedMain] .RepositoryConfigurationExtensionSupport : Spring Data JDBC - Could not safely identify store assignment for repository candidate interface com.tlat.Repository.RoomRepository; If you want this repository to be a JDBC repository, consider annotating your entities with one of these annotations: org.springframework.data.relational.core.mapping.Table.
2026-03-16T02:07:56.874+04:00  INFO 10820 --- [  restartedMain] .RepositoryConfigurationExtensionSupport : Spring Data JDBC - Could not safely identify store assignment for repository candidate interface com.tlat.Repository.StudentGroupRepository; If you want this repository to be a JDBC repository, consider annotating your entities with one of these annotations: org.springframework.data.relational.core.mapping.Table.
2026-03-16T02:07:56.877+04:00  INFO 10820 --- [  restartedMain] .RepositoryConfigurationExtensionSupport : Spring Data JDBC - Could not safely identify store assignment for repository candidate interface com.tlat.Repository.UserRepository; If you want this repository to be a JDBC repository, consider annotating your entities with one of these annotations: org.springframework.data.relational.core.mapping.Table.
2026-03-16T02:07:56.878+04:00  INFO 10820 --- [  restartedMain] .s.d.r.c.RepositoryConfigurationDelegate : Finished Spring Data repository scanning in 40 ms. Found 0 JDBC repository interfaces.
2026-03-16T02:07:56.886+04:00  INFO 10820 --- [  restartedMain] .s.d.r.c.RepositoryConfigurationDelegate : Multiple Spring Data modules found, entering strict repository configuration mode
2026-03-16T02:07:56.886+04:00  INFO 10820 --- [  restartedMain] .s.d.r.c.RepositoryConfigurationDelegate : Bootstrapping Spring Data JPA repositories in DEFAULT mode.
2026-03-16T02:07:56.933+04:00  INFO 10820 --- [  restartedMain] .s.d.r.c.RepositoryConfigurationDelegate : Finished Spring Data repository scanning in 39 ms. Found 10 JPA repository interfaces.
2026-03-16T02:07:57.694+04:00  INFO 10820 --- [  restartedMain] o.s.b.w.embedded.tomcat.TomcatWebServer  : Tomcat initialized with port 8082 (http)
2026-03-16T02:07:57.705+04:00  INFO 10820 --- [  restartedMain] o.apache.catalina.core.StandardService   : Starting service [Tomcat]
2026-03-16T02:07:57.705+04:00  INFO 10820 --- [  restartedMain] o.apache.catalina.core.StandardEngine    : Starting Servlet engine: [Apache Tomcat/10.1.50]
2026-03-16T02:07:57.749+04:00  INFO 10820 --- [  restartedMain] o.a.c.c.C.[Tomcat].[localhost].[/]       : Initializing Spring embedded WebApplicationContext
2026-03-16T02:07:57.750+04:00  INFO 10820 --- [  restartedMain] w.s.c.ServletWebServerApplicationContext : Root WebApplicationContext: initialization completed in 1886 ms
2026-03-16T02:07:57.924+04:00  INFO 10820 --- [  restartedMain] o.hibernate.jpa.internal.util.LogHelper  : HHH000204: Processing PersistenceUnitInfo [name: default]
2026-03-16T02:07:57.967+04:00  INFO 10820 --- [  restartedMain] org.hibernate.Version                    : HHH000412: Hibernate ORM core version 6.6.15.Final
2026-03-16T02:07:57.996+04:00  INFO 10820 --- [  restartedMain] o.h.c.internal.RegionFactoryInitiator    : HHH000026: Second-level cache disabled
2026-03-16T02:07:58.229+04:00  INFO 10820 --- [  restartedMain] o.s.o.j.p.SpringPersistenceUnitInfo      : No LoadTimeWeaver setup: ignoring JPA class transformer
2026-03-16T02:07:58.253+04:00  INFO 10820 --- [  restartedMain] com.zaxxer.hikari.HikariDataSource       : HikariPool-1 - Starting...
2026-03-16T02:07:58.942+04:00  INFO 10820 --- [  restartedMain] com.zaxxer.hikari.pool.HikariPool        : HikariPool-1 - Added connection com.mysql.cj.jdbc.ConnectionImpl@3414fc8d
2026-03-16T02:07:58.944+04:00  INFO 10820 --- [  restartedMain] com.zaxxer.hikari.HikariDataSource       : HikariPool-1 - Start completed.
2026-03-16T02:07:58.998+04:00  WARN 10820 --- [  restartedMain] org.hibernate.orm.deprecation            : HHH90000025: MySQLDialect does not need to be specified explicitly using 'hibernate.dialect' (remove the property setting and it will be selected by default)
2026-03-16T02:07:59.014+04:00  INFO 10820 --- [  restartedMain] org.hibernate.orm.connections.pooling    : HHH10001005: Database info:
	Database JDBC URL [Connecting through datasource 'HikariDataSource (HikariPool-1)']
	Database driver: undefined/unknown
	Database version: 8.0.42
	Autocommit mode: undefined/unknown
	Isolation level: undefined/unknown
	Minimum pool size: undefined/unknown
	Maximum pool size: undefined/unknown
2026-03-16T02:08:00.005+04:00  INFO 10820 --- [  restartedMain] o.h.e.t.j.p.i.JtaPlatformInitiator       : HHH000489: No JTA platform available (set 'hibernate.transaction.jta.platform' to enable JTA platform integration)
2026-03-16T02:08:00.351+04:00  INFO 10820 --- [  restartedMain] j.LocalContainerEntityManagerFactoryBean : Initialized JPA EntityManagerFactory for persistence unit 'default'
2026-03-16T02:08:00.906+04:00  INFO 10820 --- [  restartedMain] o.s.d.j.r.query.QueryEnhancerFactory     : Hibernate is in classpath; If applicable, HQL parser will be used.
2026-03-16T02:08:02.436+04:00  WARN 10820 --- [  restartedMain] r$InitializeUserDetailsManagerConfigurer : Global AuthenticationManager configured with an AuthenticationProvider bean. UserDetailsService beans will not be used by Spring Security for automatically configuring username/password login. Consider removing the AuthenticationProvider bean. Alternatively, consider using the UserDetailsService in a manually instantiated DaoAuthenticationProvider. If the current configuration is intentional, to turn off this warning, increase the logging level of 'org.springframework.security.config.annotation.authentication.configuration.InitializeUserDetailsBeanManagerConfigurer' to ERROR
2026-03-16T02:08:02.897+04:00  WARN 10820 --- [  restartedMain] o.s.b.d.a.OptionalLiveReloadServer       : Unable to start LiveReload server
2026-03-16T02:08:02.929+04:00  INFO 10820 --- [  restartedMain] o.s.b.w.embedded.tomcat.TomcatWebServer  : Tomcat started on port 8082 (http) with context path '/'
2026-03-16T02:08:02.942+04:00  INFO 10820 --- [  restartedMain] com.tlat.tlat                            : Started tlat in 7.791 seconds (process running for 8.209)
2026-03-16T02:08:02.997+04:00  INFO 10820 --- [0.0-8082-exec-1] o.a.c.c.C.[Tomcat].[localhost].[/]       : Initializing Spring DispatcherServlet 'dispatcherServlet'
2026-03-16T02:08:02.998+04:00  INFO 10820 --- [0.0-8082-exec-1] o.s.web.servlet.DispatcherServlet        : Initializing Servlet 'dispatcherServlet'
2026-03-16T02:08:02.999+04:00  INFO 10820 --- [0.0-8082-exec-1] o.s.web.servlet.DispatcherServlet        : Completed initialization in 1 ms
2026-03-16T02:08:03.015+04:00  INFO 10820 --- [  restartedMain] .t.s.I.LectureSchemaCompatibilityService : Lecture legacy schema compatibility migration completed
2026-03-16T02:08:03.023+04:00  INFO 10820 --- [  restartedMain] com.tlat.service.Impl.UserServiceImpl    : Legacy column users.is_paid not found; skipping
2026-03-16T02:08:26.902+04:00 ERROR 10820 --- [0.0-8082-exec-6] org.thymeleaf.TemplateEngine             : [THYMELEAF][http-nio-0.0.0.0-8082-exec-6] Exception processing template "lecture/add": An error happened during template parsing (template: "class path resource [templates/lecture/add.html]")

org.thymeleaf.exceptions.TemplateInputException: An error happened during template parsing (template: "class path resource [templates/lecture/add.html]")
	at org.thymeleaf.templateparser.markup.AbstractMarkupTemplateParser.parse(AbstractMarkupTemplateParser.java:241) ~[thymeleaf-3.1.3.RELEASE.jar:3.1.3.RELEASE]
	at org.thymeleaf.templateparser.markup.AbstractMarkupTemplateParser.parseStandalone(AbstractMarkupTemplateParser.java:100) ~[thymeleaf-3.1.3.RELEASE.jar:3.1.3.RELEASE]
	at org.thymeleaf.engine.TemplateManager.parseAndProcess(TemplateManager.java:666) ~[thymeleaf-3.1.3.RELEASE.jar:3.1.3.RELEASE]
	at org.thymeleaf.TemplateEngine.process(TemplateEngine.java:1103) ~[thymeleaf-3.1.3.RELEASE.jar:3.1.3.RELEASE]
	at org.thymeleaf.TemplateEngine.process(TemplateEngine.java:1077) ~[thymeleaf-3.1.3.RELEASE.jar:3.1.3.RELEASE]
	at org.thymeleaf.spring6.view.ThymeleafView.renderFragment(ThymeleafView.java:372) ~[thymeleaf-spring6-3.1.3.RELEASE.jar:3.1.3.RELEASE]
	at org.thymeleaf.spring6.view.ThymeleafView.render(ThymeleafView.java:192) ~[thymeleaf-spring6-3.1.3.RELEASE.jar:3.1.3.RELEASE]
	at org.springframework.web.servlet.DispatcherServlet.render(DispatcherServlet.java:1438) ~[spring-webmvc-6.2.15.jar:6.2.15]
	at org.springframework.web.servlet.DispatcherServlet.processDispatchResult(DispatcherServlet.java:1168) ~[spring-webmvc-6.2.15.jar:6.2.15]
	at org.springframework.web.servlet.DispatcherServlet.doDispatch(DispatcherServlet.java:1106) ~[spring-webmvc-6.2.15.jar:6.2.15]
	at org.springframework.web.servlet.DispatcherServlet.doService(DispatcherServlet.java:979) ~[spring-webmvc-6.2.15.jar:6.2.15]
	at org.springframework.web.servlet.FrameworkServlet.processRequest(FrameworkServlet.java:1014) ~[spring-webmvc-6.2.15.jar:6.2.15]
	at org.springframework.web.servlet.FrameworkServlet.doGet(FrameworkServlet.java:903) ~[spring-webmvc-6.2.15.jar:6.2.15]
	at jakarta.servlet.http.HttpServlet.service(HttpServlet.java:564) ~[tomcat-embed-core-10.1.50.jar:6.0]
	at org.springframework.web.servlet.FrameworkServlet.service(FrameworkServlet.java:885) ~[spring-webmvc-6.2.15.jar:6.2.15]
	at jakarta.servlet.http.HttpServlet.service(HttpServlet.java:658) ~[tomcat-embed-core-10.1.50.jar:6.0]
	at org.apache.catalina.core.ApplicationFilterChain.internalDoFilter(ApplicationFilterChain.java:193) ~[tomcat-embed-core-10.1.50.jar:10.1.50]
	at org.apache.catalina.core.ApplicationFilterChain.doFilter(ApplicationFilterChain.java:138) ~[tomcat-embed-core-10.1.50.jar:10.1.50]
	at org.apache.tomcat.websocket.server.WsFilter.doFilter(WsFilter.java:51) ~[tomcat-embed-websocket-10.1.50.jar:10.1.50]
	at org.apache.catalina.core.ApplicationFilterChain.internalDoFilter(ApplicationFilterChain.java:162) ~[tomcat-embed-core-10.1.50.jar:10.1.50]
	at org.apache.catalina.core.ApplicationFilterChain.doFilter(ApplicationFilterChain.java:138) ~[tomcat-embed-core-10.1.50.jar:10.1.50]
	at org.springframework.web.filter.CompositeFilter$VirtualFilterChain.doFilter(CompositeFilter.java:108) ~[spring-web-6.2.15.jar:6.2.15]
	at org.springframework.web.filter.CompositeFilter$VirtualFilterChain.doFilter(CompositeFilter.java:108) ~[spring-web-6.2.15.jar:6.2.15]
	at org.springframework.security.web.FilterChainProxy.lambda$doFilterInternal$3(FilterChainProxy.java:231) ~[spring-security-web-6.5.4.jar:6.5.4]
	at org.springframework.security.web.FilterChainProxy$VirtualFilterChain.doFilter(FilterChainProxy.java:365) ~[spring-security-web-6.5.4.jar:6.5.4]
	at org.springframework.security.web.access.intercept.AuthorizationFilter.doFilter(AuthorizationFilter.java:101) ~[spring-security-web-6.5.4.jar:6.5.4]
	at org.springframework.security.web.FilterChainProxy$VirtualFilterChain.doFilter(FilterChainProxy.java:374) ~[spring-security-web-6.5.4.jar:6.5.4]
	at org.springframework.security.web.access.ExceptionTranslationFilter.doFilter(ExceptionTranslationFilter.java:125) ~[spring-security-web-6.5.4.jar:6.5.4]
	at org.springframework.security.web.access.ExceptionTranslationFilter.doFilter(ExceptionTranslationFilter.java:119) ~[spring-security-web-6.5.4.jar:6.5.4]
	at org.springframework.security.web.FilterChainProxy$VirtualFilterChain.doFilter(FilterChainProxy.java:374) ~[spring-security-web-6.5.4.jar:6.5.4]
	at org.springframework.security.web.session.SessionManagementFilter.doFilter(SessionManagementFilter.java:131) ~[spring-security-web-6.5.4.jar:6.5.4]
	at org.springframework.security.web.session.SessionManagementFilter.doFilter(SessionManagementFilter.java:85) ~[spring-security-web-6.5.4.jar:6.5.4]
	at org.springframework.security.web.FilterChainProxy$VirtualFilterChain.doFilter(FilterChainProxy.java:374) ~[spring-security-web-6.5.4.jar:6.5.4]
	at org.springframework.security.web.authentication.AnonymousAuthenticationFilter.doFilter(AnonymousAuthenticationFilter.java:100) ~[spring-security-web-6.5.4.jar:6.5.4]
	at org.springframework.security.web.FilterChainProxy$VirtualFilterChain.doFilter(FilterChainProxy.java:374) ~[spring-security-web-6.5.4.jar:6.5.4]
	at org.springframework.security.web.servletapi.SecurityContextHolderAwareRequestFilter.doFilter(SecurityContextHolderAwareRequestFilter.java:179) ~[spring-security-web-6.5.4.jar:6.5.4]
	at org.springframework.security.web.FilterChainProxy$VirtualFilterChain.doFilter(FilterChainProxy.java:374) ~[spring-security-web-6.5.4.jar:6.5.4]
	at org.springframework.security.web.savedrequest.RequestCacheAwareFilter.doFilter(RequestCacheAwareFilter.java:63) ~[spring-security-web-6.5.4.jar:6.5.4]
	at org.springframework.security.web.FilterChainProxy$VirtualFilterChain.doFilter(FilterChainProxy.java:374) ~[spring-security-web-6.5.4.jar:6.5.4]
	at org.springframework.security.web.authentication.AbstractAuthenticationProcessingFilter.doFilter(AbstractAuthenticationProcessingFilter.java:235) ~[spring-security-web-6.5.4.jar:6.5.4]
	at org.springframework.security.web.authentication.AbstractAuthenticationProcessingFilter.doFilter(AbstractAuthenticationProcessingFilter.java:229) ~[spring-security-web-6.5.4.jar:6.5.4]
	at org.springframework.security.web.FilterChainProxy$VirtualFilterChain.doFilter(FilterChainProxy.java:374) ~[spring-security-web-6.5.4.jar:6.5.4]
	at org.springframework.security.web.authentication.logout.LogoutFilter.doFilter(LogoutFilter.java:107) ~[spring-security-web-6.5.4.jar:6.5.4]
	at org.springframework.security.web.authentication.logout.LogoutFilter.doFilter(LogoutFilter.java:93) ~[spring-security-web-6.5.4.jar:6.5.4]
	at org.springframework.security.web.FilterChainProxy$VirtualFilterChain.doFilter(FilterChainProxy.java:374) ~[spring-security-web-6.5.4.jar:6.5.4]
	at org.springframework.security.web.csrf.CsrfFilter.doFilterInternal(CsrfFilter.java:117) ~[spring-security-web-6.5.4.jar:6.5.4]
	at org.springframework.web.filter.OncePerRequestFilter.doFilter(OncePerRequestFilter.java:116) ~[spring-web-6.2.15.jar:6.2.15]
	at org.springframework.security.web.FilterChainProxy$VirtualFilterChain.doFilter(FilterChainProxy.java:374) ~[spring-security-web-6.5.4.jar:6.5.4]
	at org.springframework.security.web.header.HeaderWriterFilter.doHeadersAfter(HeaderWriterFilter.java:90) ~[spring-security-web-6.5.4.jar:6.5.4]
	at org.springframework.security.web.header.HeaderWriterFilter.doFilterInternal(HeaderWriterFilter.java:75) ~[spring-security-web-6.5.4.jar:6.5.4]
	at org.springframework.web.filter.OncePerRequestFilter.doFilter(OncePerRequestFilter.java:116) ~[spring-web-6.2.15.jar:6.2.15]
	at org.springframework.security.web.FilterChainProxy$VirtualFilterChain.doFilter(FilterChainProxy.java:374) ~[spring-security-web-6.5.4.jar:6.5.4]
	at org.springframework.security.web.context.SecurityContextHolderFilter.doFilter(SecurityContextHolderFilter.java:82) ~[spring-security-web-6.5.4.jar:6.5.4]
	at org.springframework.security.web.context.SecurityContextHolderFilter.doFilter(SecurityContextHolderFilter.java:69) ~[spring-security-web-6.5.4.jar:6.5.4]
	at org.springframework.security.web.FilterChainProxy$VirtualFilterChain.doFilter(FilterChainProxy.java:374) ~[spring-security-web-6.5.4.jar:6.5.4]
	at org.springframework.security.web.context.request.async.WebAsyncManagerIntegrationFilter.doFilterInternal(WebAsyncManagerIntegrationFilter.java:62) ~[spring-security-web-6.5.4.jar:6.5.4]
	at org.springframework.web.filter.OncePerRequestFilter.doFilter(OncePerRequestFilter.java:116) ~[spring-web-6.2.15.jar:6.2.15]
	at org.springframework.security.web.FilterChainProxy$VirtualFilterChain.doFilter(FilterChainProxy.java:374) ~[spring-security-web-6.5.4.jar:6.5.4]
	at org.springframework.security.web.session.DisableEncodeUrlFilter.doFilterInternal(DisableEncodeUrlFilter.java:42) ~[spring-security-web-6.5.4.jar:6.5.4]
	at org.springframework.web.filter.OncePerRequestFilter.doFilter(OncePerRequestFilter.java:116) ~[spring-web-6.2.15.jar:6.2.15]
	at org.springframework.security.web.FilterChainProxy$VirtualFilterChain.doFilter(FilterChainProxy.java:374) ~[spring-security-web-6.5.4.jar:6.5.4]
	at org.springframework.security.web.FilterChainProxy.doFilterInternal(FilterChainProxy.java:233) ~[spring-security-web-6.5.4.jar:6.5.4]
	at org.springframework.security.web.FilterChainProxy.doFilter(FilterChainProxy.java:191) ~[spring-security-web-6.5.4.jar:6.5.4]
	at org.springframework.web.filter.CompositeFilter$VirtualFilterChain.doFilter(CompositeFilter.java:113) ~[spring-web-6.2.15.jar:6.2.15]
	at org.springframework.web.filter.ServletRequestPathFilter.doFilter(ServletRequestPathFilter.java:52) ~[spring-web-6.2.15.jar:6.2.15]
	at org.springframework.web.filter.CompositeFilter$VirtualFilterChain.doFilter(CompositeFilter.java:113) ~[spring-web-6.2.15.jar:6.2.15]
	at org.springframework.web.filter.CompositeFilter.doFilter(CompositeFilter.java:74) ~[spring-web-6.2.15.jar:6.2.15]
	at org.springframework.security.config.annotation.web.configuration.WebSecurityConfiguration$CompositeFilterChainProxy.doFilter(WebSecurityConfiguration.java:319) ~[spring-security-config-6.5.4.jar:6.5.4]
	at org.springframework.web.filter.CompositeFilter$VirtualFilterChain.doFilter(CompositeFilter.java:113) ~[spring-web-6.2.15.jar:6.2.15]
	at org.springframework.web.servlet.handler.HandlerMappingIntrospector.lambda$createCacheFilter$4(HandlerMappingIntrospector.java:267) ~[spring-webmvc-6.2.15.jar:6.2.15]
	at org.springframework.web.filter.CompositeFilter$VirtualFilterChain.doFilter(CompositeFilter.java:113) ~[spring-web-6.2.15.jar:6.2.15]
	at org.springframework.web.filter.CompositeFilter.doFilter(CompositeFilter.java:74) ~[spring-web-6.2.15.jar:6.2.15]
	at org.springframework.security.config.annotation.web.configuration.WebMvcSecurityConfiguration$CompositeFilterChainProxy.doFilter(WebMvcSecurityConfiguration.java:240) ~[spring-security-config-6.5.4.jar:6.5.4]
	at org.springframework.web.filter.DelegatingFilterProxy.invokeDelegate(DelegatingFilterProxy.java:362) ~[spring-web-6.2.15.jar:6.2.15]
	at org.springframework.web.filter.DelegatingFilterProxy.doFilter(DelegatingFilterProxy.java:278) ~[spring-web-6.2.15.jar:6.2.15]
	at org.apache.catalina.core.ApplicationFilterChain.internalDoFilter(ApplicationFilterChain.java:162) ~[tomcat-embed-core-10.1.50.jar:10.1.50]
	at org.apache.catalina.core.ApplicationFilterChain.doFilter(ApplicationFilterChain.java:138) ~[tomcat-embed-core-10.1.50.jar:10.1.50]
	at org.springframework.web.filter.RequestContextFilter.doFilterInternal(RequestContextFilter.java:100) ~[spring-web-6.2.15.jar:6.2.15]
	at org.springframework.web.filter.OncePerRequestFilter.doFilter(OncePerRequestFilter.java:116) ~[spring-web-6.2.15.jar:6.2.15]
	at org.apache.catalina.core.ApplicationFilterChain.internalDoFilter(ApplicationFilterChain.java:162) ~[tomcat-embed-core-10.1.50.jar:10.1.50]
	at org.apache.catalina.core.ApplicationFilterChain.doFilter(ApplicationFilterChain.java:138) ~[tomcat-embed-core-10.1.50.jar:10.1.50]
	at org.springframework.web.filter.FormContentFilter.doFilterInternal(FormContentFilter.java:93) ~[spring-web-6.2.15.jar:6.2.15]
	at org.springframework.web.filter.OncePerRequestFilter.doFilter(OncePerRequestFilter.java:116) ~[spring-web-6.2.15.jar:6.2.15]
	at org.apache.catalina.core.ApplicationFilterChain.internalDoFilter(ApplicationFilterChain.java:162) ~[tomcat-embed-core-10.1.50.jar:10.1.50]
	at org.apache.catalina.core.ApplicationFilterChain.doFilter(ApplicationFilterChain.java:138) ~[tomcat-embed-core-10.1.50.jar:10.1.50]
	at org.springframework.web.filter.CharacterEncodingFilter.doFilterInternal(CharacterEncodingFilter.java:201) ~[spring-web-6.2.15.jar:6.2.15]
	at org.springframework.web.filter.OncePerRequestFilter.doFilter(OncePerRequestFilter.java:116) ~[spring-web-6.2.15.jar:6.2.15]
	at org.apache.catalina.core.ApplicationFilterChain.internalDoFilter(ApplicationFilterChain.java:162) ~[tomcat-embed-core-10.1.50.jar:10.1.50]
	at org.apache.catalina.core.ApplicationFilterChain.doFilter(ApplicationFilterChain.java:138) ~[tomcat-embed-core-10.1.50.jar:10.1.50]
	at org.apache.catalina.core.StandardWrapperValve.invoke(StandardWrapperValve.java:165) ~[tomcat-embed-core-10.1.50.jar:10.1.50]
	at org.apache.catalina.core.StandardContextValve.invoke(StandardContextValve.java:88) ~[tomcat-embed-core-10.1.50.jar:10.1.50]
	at org.apache.catalina.authenticator.AuthenticatorBase.invoke(AuthenticatorBase.java:482) ~[tomcat-embed-core-10.1.50.jar:10.1.50]
	at org.apache.catalina.core.StandardHostValve.invoke(StandardHostValve.java:113) ~[tomcat-embed-core-10.1.50.jar:10.1.50]
	at org.apache.catalina.valves.ErrorReportValve.invoke(ErrorReportValve.java:83) ~[tomcat-embed-core-10.1.50.jar:10.1.50]
	at org.apache.catalina.core.StandardEngineValve.invoke(StandardEngineValve.java:72) ~[tomcat-embed-core-10.1.50.jar:10.1.50]
	at org.apache.catalina.connector.CoyoteAdapter.service(CoyoteAdapter.java:342) ~[tomcat-embed-core-10.1.50.jar:10.1.50]
	at org.apache.coyote.http11.Http11Processor.service(Http11Processor.java:399) ~[tomcat-embed-core-10.1.50.jar:10.1.50]
	at org.apache.coyote.AbstractProcessorLight.process(AbstractProcessorLight.java:63) ~[tomcat-embed-core-10.1.50.jar:10.1.50]
	at org.apache.coyote.AbstractProtocol$ConnectionHandler.process(AbstractProtocol.java:903) ~[tomcat-embed-core-10.1.50.jar:10.1.50]
	at org.apache.tomcat.util.net.NioEndpoint$SocketProcessor.doRun(NioEndpoint.java:1774) ~[tomcat-embed-core-10.1.50.jar:10.1.50]
	at org.apache.tomcat.util.net.SocketProcessorBase.run(SocketProcessorBase.java:52) ~[tomcat-embed-core-10.1.50.jar:10.1.50]
	at org.apache.tomcat.util.threads.ThreadPoolExecutor.runWorker(ThreadPoolExecutor.java:973) ~[tomcat-embed-core-10.1.50.jar:10.1.50]
	at org.apache.tomcat.util.threads.ThreadPoolExecutor$Worker.run(ThreadPoolExecutor.java:491) ~[tomcat-embed-core-10.1.50.jar:10.1.50]
	at org.apache.tomcat.util.threads.TaskThread$WrappingRunnable.run(TaskThread.java:63) ~[tomcat-embed-core-10.1.50.jar:10.1.50]
	at java.base/java.lang.Thread.run(Thread.java:842) ~[na:na]
Caused by: org.attoparser.ParseException: Could not bind form errors using expression "all". Please check this expression is being executed inside the adequate context (e.g. a <form> with a th:object attribute) (template: "lecture/add" - line 64, col 30)
	at org.attoparser.MarkupParser.parseDocument(MarkupParser.java:393) ~[attoparser-2.0.7.RELEASE.jar:2.0.7.RELEASE]
	at org.attoparser.MarkupParser.parse(MarkupParser.java:257) ~[attoparser-2.0.7.RELEASE.jar:2.0.7.RELEASE]
	at org.thymeleaf.templateparser.markup.AbstractMarkupTemplateParser.parse(AbstractMarkupTemplateParser.java:230) ~[thymeleaf-3.1.3.RELEASE.jar:3.1.3.RELEASE]
	... 104 common frames omitted
Caused by: org.thymeleaf.exceptions.TemplateProcessingException: Could not bind form errors using expression "all". Please check this expression is being executed inside the adequate context (e.g. a <form> with a th:object attribute) (template: "lecture/add" - line 64, col 30)
	at org.thymeleaf.spring6.util.FieldUtils.checkErrors(FieldUtils.java:214) ~[thymeleaf-spring6-3.1.3.RELEASE.jar:3.1.3.RELEASE]
	at org.thymeleaf.spring6.util.FieldUtils.hasAnyErrors(FieldUtils.java:75) ~[thymeleaf-spring6-3.1.3.RELEASE.jar:3.1.3.RELEASE]
	at org.thymeleaf.spring6.expression.Fields.hasAnyErrors(Fields.java:50) ~[thymeleaf-spring6-3.1.3.RELEASE.jar:3.1.3.RELEASE]
	at java.base/jdk.internal.reflect.NativeMethodAccessorImpl.invoke0(Native Method) ~[na:na]
	at java.base/jdk.internal.reflect.NativeMethodAccessorImpl.invoke(NativeMethodAccessorImpl.java:77) ~[na:na]
	at java.base/jdk.internal.reflect.DelegatingMethodAccessorImpl.invoke(DelegatingMethodAccessorImpl.java:43) ~[na:na]
	at java.base/java.lang.reflect.Method.invoke(Method.java:568) ~[na:na]
	at org.springframework.expression.spel.support.ReflectiveMethodExecutor.execute(ReflectiveMethodExecutor.java:116) ~[spring-expression-6.2.15.jar:6.2.15]
	at org.springframework.expression.spel.ast.MethodReference.getValueInternal(MethodReference.java:152) ~[spring-expression-6.2.15.jar:6.2.15]
	at org.springframework.expression.spel.ast.MethodReference$MethodValueRef.getValue(MethodReference.java:398) ~[spring-expression-6.2.15.jar:6.2.15]
	at org.springframework.expression.spel.ast.CompoundExpression.getValueInternal(CompoundExpression.java:97) ~[spring-expression-6.2.15.jar:6.2.15]
	at org.springframework.expression.spel.ast.SpelNodeImpl.getValue(SpelNodeImpl.java:116) ~[spring-expression-6.2.15.jar:6.2.15]
	at org.springframework.expression.spel.standard.SpelExpression.getValue(SpelExpression.java:338) ~[spring-expression-6.2.15.jar:6.2.15]
	at org.thymeleaf.spring6.expression.SPELVariableExpressionEvaluator.evaluate(SPELVariableExpressionEvaluator.java:265) ~[thymeleaf-spring6-3.1.3.RELEASE.jar:3.1.3.RELEASE]
	at org.thymeleaf.standard.expression.VariableExpression.executeVariableExpression(VariableExpression.java:166) ~[thymeleaf-3.1.3.RELEASE.jar:3.1.3.RELEASE]
	at org.thymeleaf.standard.expression.SimpleExpression.executeSimple(SimpleExpression.java:66) ~[thymeleaf-3.1.3.RELEASE.jar:3.1.3.RELEASE]
	at org.thymeleaf.standard.expression.Expression.execute(Expression.java:109) ~[thymeleaf-3.1.3.RELEASE.jar:3.1.3.RELEASE]
	at org.thymeleaf.standard.expression.Expression.execute(Expression.java:138) ~[thymeleaf-3.1.3.RELEASE.jar:3.1.3.RELEASE]
	at org.thymeleaf.standard.expression.Expression.execute(Expression.java:125) ~[thymeleaf-3.1.3.RELEASE.jar:3.1.3.RELEASE]
	at org.thymeleaf.standard.processor.StandardIfTagProcessor.isVisible(StandardIfTagProcessor.java:59) ~[thymeleaf-3.1.3.RELEASE.jar:3.1.3.RELEASE]
	at org.thymeleaf.standard.processor.AbstractStandardConditionalVisibilityTagProcessor.doProcess(AbstractStandardConditionalVisibilityTagProcessor.java:61) ~[thymeleaf-3.1.3.RELEASE.jar:3.1.3.RELEASE]
	at org.thymeleaf.processor.element.AbstractAttributeTagProcessor.doProcess(AbstractAttributeTagProcessor.java:74) ~[thymeleaf-3.1.3.RELEASE.jar:3.1.3.RELEASE]
	at org.thymeleaf.processor.element.AbstractElementTagProcessor.process(AbstractElementTagProcessor.java:95) ~[thymeleaf-3.1.3.RELEASE.jar:3.1.3.RELEASE]
	at org.thymeleaf.util.ProcessorConfigurationUtils$ElementTagProcessorWrapper.process(ProcessorConfigurationUtils.java:633) ~[thymeleaf-3.1.3.RELEASE.jar:3.1.3.RELEASE]
	at org.thymeleaf.engine.ProcessorTemplateHandler.handleOpenElement(ProcessorTemplateHandler.java:1314) ~[thymeleaf-3.1.3.RELEASE.jar:3.1.3.RELEASE]
	at org.thymeleaf.engine.TemplateHandlerAdapterMarkupHandler.handleOpenElementEnd(TemplateHandlerAdapterMarkupHandler.java:304) ~[thymeleaf-3.1.3.RELEASE.jar:3.1.3.RELEASE]
	at org.thymeleaf.templateparser.markup.InlinedOutputExpressionMarkupHandler$InlineMarkupAdapterPreProcessorHandler.handleOpenElementEnd(InlinedOutputExpressionMarkupHandler.java:278) ~[thymeleaf-3.1.3.RELEASE.jar:3.1.3.RELEASE]
	at org.thymeleaf.standard.inline.OutputExpressionInlinePreProcessorHandler.handleOpenElementEnd(OutputExpressionInlinePreProcessorHandler.java:186) ~[thymeleaf-3.1.3.RELEASE.jar:3.1.3.RELEASE]
	at org.thymeleaf.templateparser.markup.InlinedOutputExpressionMarkupHandler.handleOpenElementEnd(InlinedOutputExpressionMarkupHandler.java:124) ~[thymeleaf-3.1.3.RELEASE.jar:3.1.3.RELEASE]
	at org.attoparser.HtmlElement.handleOpenElementEnd(HtmlElement.java:109) ~[attoparser-2.0.7.RELEASE.jar:2.0.7.RELEASE]
	at org.attoparser.HtmlMarkupHandler.handleOpenElementEnd(HtmlMarkupHandler.java:297) ~[attoparser-2.0.7.RELEASE.jar:2.0.7.RELEASE]
	at org.attoparser.MarkupEventProcessorHandler.handleOpenElementEnd(MarkupEventProcessorHandler.java:402) ~[attoparser-2.0.7.RELEASE.jar:2.0.7.RELEASE]
	at org.attoparser.ParsingElementMarkupUtil.parseOpenElement(ParsingElementMarkupUtil.java:159) ~[attoparser-2.0.7.RELEASE.jar:2.0.7.RELEASE]
	at org.attoparser.MarkupParser.parseBuffer(MarkupParser.java:710) ~[attoparser-2.0.7.RELEASE.jar:2.0.7.RELEASE]
	at org.attoparser.MarkupParser.parseDocument(MarkupParser.java:301) ~[attoparser-2.0.7.RELEASE.jar:2.0.7.RELEASE]
	... 106 common frames omitted

2026-03-16T02:08:26.926+04:00 ERROR 10820 --- [0.0-8082-exec-6] o.a.c.c.C.[.[.[/].[dispatcherServlet]    : Servlet.service() for servlet [dispatcherServlet] in context with path [] threw exception [Request processing failed: org.thymeleaf.exceptions.TemplateInputException: An error happened during template parsing (template: "class path resource [templates/lecture/add.html]")] with root cause

org.thymeleaf.exceptions.TemplateProcessingException: Could not bind form errors using expression "all". Please check this expression is being executed inside the adequate context (e.g. a <form> with a th:object attribute) (template: "lecture/add" - line 64, col 30)
	at org.thymeleaf.spring6.util.FieldUtils.checkErrors(FieldUtils.java:214) ~[thymeleaf-spring6-3.1.3.RELEASE.jar:3.1.3.RELEASE]
	at org.thymeleaf.spring6.util.FieldUtils.hasAnyErrors(FieldUtils.java:75) ~[thymeleaf-spring6-3.1.3.RELEASE.jar:3.1.3.RELEASE]
	at org.thymeleaf.spring6.expression.Fields.hasAnyErrors(Fields.java:50) ~[thymeleaf-spring6-3.1.3.RELEASE.jar:3.1.3.RELEASE]
	at java.base/jdk.internal.reflect.NativeMethodAccessorImpl.invoke0(Native Method) ~[na:na]
	at java.base/jdk.internal.reflect.NativeMethodAccessorImpl.invoke(NativeMethodAccessorImpl.java:77) ~[na:na]
	at java.base/jdk.internal.reflect.DelegatingMethodAccessorImpl.invoke(DelegatingMethodAccessorImpl.java:43) ~[na:na]
	at java.base/java.lang.reflect.Method.invoke(Method.java:568) ~[na:na]
	at org.springframework.expression.spel.support.ReflectiveMethodExecutor.execute(ReflectiveMethodExecutor.java:116) ~[spring-expression-6.2.15.jar:6.2.15]
	at org.springframework.expression.spel.ast.MethodReference.getValueInternal(MethodReference.java:152) ~[spring-expression-6.2.15.jar:6.2.15]
	at org.springframework.expression.spel.ast.MethodReference$MethodValueRef.getValue(MethodReference.java:398) ~[spring-expression-6.2.15.jar:6.2.15]
	at org.springframework.expression.spel.ast.CompoundExpression.getValueInternal(CompoundExpression.java:97) ~[spring-expression-6.2.15.jar:6.2.15]
	at org.springframework.expression.spel.ast.SpelNodeImpl.getValue(SpelNodeImpl.java:116) ~[spring-expression-6.2.15.jar:6.2.15]
	at org.springframework.expression.spel.standard.SpelExpression.getValue(SpelExpression.java:338) ~[spring-expression-6.2.15.jar:6.2.15]
	at org.thymeleaf.spring6.expression.SPELVariableExpressionEvaluator.evaluate(SPELVariableExpressionEvaluator.java:265) ~[thymeleaf-spring6-3.1.3.RELEASE.jar:3.1.3.RELEASE]
	at org.thymeleaf.standard.expression.VariableExpression.executeVariableExpression(VariableExpression.java:166) ~[thymeleaf-3.1.3.RELEASE.jar:3.1.3.RELEASE]
	at org.thymeleaf.standard.expression.SimpleExpression.executeSimple(SimpleExpression.java:66) ~[thymeleaf-3.1.3.RELEASE.jar:3.1.3.RELEASE]
	at org.thymeleaf.standard.expression.Expression.execute(Expression.java:109) ~[thymeleaf-3.1.3.RELEASE.jar:3.1.3.RELEASE]
	at org.thymeleaf.standard.expression.Expression.execute(Expression.java:138) ~[thymeleaf-3.1.3.RELEASE.jar:3.1.3.RELEASE]
	at org.thymeleaf.standard.expression.Expression.execute(Expression.java:125) ~[thymeleaf-3.1.3.RELEASE.jar:3.1.3.RELEASE]
	at org.thymeleaf.standard.processor.StandardIfTagProcessor.isVisible(StandardIfTagProcessor.java:59) ~[thymeleaf-3.1.3.RELEASE.jar:3.1.3.RELEASE]
	at org.thymeleaf.standard.processor.AbstractStandardConditionalVisibilityTagProcessor.doProcess(AbstractStandardConditionalVisibilityTagProcessor.java:61) ~[thymeleaf-3.1.3.RELEASE.jar:3.1.3.RELEASE]
	at org.thymeleaf.processor.element.AbstractAttributeTagProcessor.doProcess(AbstractAttributeTagProcessor.java:74) ~[thymeleaf-3.1.3.RELEASE.jar:3.1.3.RELEASE]
	at org.thymeleaf.processor.element.AbstractElementTagProcessor.process(AbstractElementTagProcessor.java:95) ~[thymeleaf-3.1.3.RELEASE.jar:3.1.3.RELEASE]
	at org.thymeleaf.util.ProcessorConfigurationUtils$ElementTagProcessorWrapper.process(ProcessorConfigurationUtils.java:633) ~[thymeleaf-3.1.3.RELEASE.jar:3.1.3.RELEASE]
	at org.thymeleaf.engine.ProcessorTemplateHandler.handleOpenElement(ProcessorTemplateHandler.java:1314) ~[thymeleaf-3.1.3.RELEASE.jar:3.1.3.RELEASE]
	at org.thymeleaf.engine.TemplateHandlerAdapterMarkupHandler.handleOpenElementEnd(TemplateHandlerAdapterMarkupHandler.java:304) ~[thymeleaf-3.1.3.RELEASE.jar:3.1.3.RELEASE]
	at org.thymeleaf.templateparser.markup.InlinedOutputExpressionMarkupHandler$InlineMarkupAdapterPreProcessorHandler.handleOpenElementEnd(InlinedOutputExpressionMarkupHandler.java:278) ~[thymeleaf-3.1.3.RELEASE.jar:3.1.3.RELEASE]
	at org.thymeleaf.standard.inline.OutputExpressionInlinePreProcessorHandler.handleOpenElementEnd(OutputExpressionInlinePreProcessorHandler.java:186) ~[thymeleaf-3.1.3.RELEASE.jar:3.1.3.RELEASE]
	at org.thymeleaf.templateparser.markup.InlinedOutputExpressionMarkupHandler.handleOpenElementEnd(InlinedOutputExpressionMarkupHandler.java:124) ~[thymeleaf-3.1.3.RELEASE.jar:3.1.3.RELEASE]
	at org.attoparser.HtmlElement.handleOpenElementEnd(HtmlElement.java:109) ~[attoparser-2.0.7.RELEASE.jar:2.0.7.RELEASE]
	at org.attoparser.HtmlMarkupHandler.handleOpenElementEnd(HtmlMarkupHandler.java:297) ~[attoparser-2.0.7.RELEASE.jar:2.0.7.RELEASE]
	at org.attoparser.MarkupEventProcessorHandler.handleOpenElementEnd(MarkupEventProcessorHandler.java:402) ~[attoparser-2.0.7.RELEASE.jar:2.0.7.RELEASE]
	at org.attoparser.ParsingElementMarkupUtil.parseOpenElement(ParsingElementMarkupUtil.java:159) ~[attoparser-2.0.7.RELEASE.jar:2.0.7.RELEASE]
	at org.attoparser.MarkupParser.parseBuffer(MarkupParser.java:710) ~[attoparser-2.0.7.RELEASE.jar:2.0.7.RELEASE]
	at org.attoparser.MarkupParser.parseDocument(MarkupParser.java:301) ~[attoparser-2.0.7.RELEASE.jar:2.0.7.RELEASE]
	at org.attoparser.MarkupParser.parse(MarkupParser.java:257) ~[attoparser-2.0.7.RELEASE.jar:2.0.7.RELEASE]
	at org.thymeleaf.templateparser.markup.AbstractMarkupTemplateParser.parse(AbstractMarkupTemplateParser.java:230) ~[thymeleaf-3.1.3.RELEASE.jar:3.1.3.RELEASE]
	at org.thymeleaf.templateparser.markup.AbstractMarkupTemplateParser.parseStandalone(AbstractMarkupTemplateParser.java:100) ~[thymeleaf-3.1.3.RELEASE.jar:3.1.3.RELEASE]
	at org.thymeleaf.engine.TemplateManager.parseAndProcess(TemplateManager.java:666) ~[thymeleaf-3.1.3.RELEASE.jar:3.1.3.RELEASE]
	at org.thymeleaf.TemplateEngine.process(TemplateEngine.java:1103) ~[thymeleaf-3.1.3.RELEASE.jar:3.1.3.RELEASE]
	at org.thymeleaf.TemplateEngine.process(TemplateEngine.java:1077) ~[thymeleaf-3.1.3.RELEASE.jar:3.1.3.RELEASE]
	at org.thymeleaf.spring6.view.ThymeleafView.renderFragment(ThymeleafView.java:372) ~[thymeleaf-spring6-3.1.3.RELEASE.jar:3.1.3.RELEASE]
	at org.thymeleaf.spring6.view.ThymeleafView.render(ThymeleafView.java:192) ~[thymeleaf-spring6-3.1.3.RELEASE.jar:3.1.3.RELEASE]
	at org.springframework.web.servlet.DispatcherServlet.render(DispatcherServlet.java:1438) ~[spring-webmvc-6.2.15.jar:6.2.15]
	at org.springframework.web.servlet.DispatcherServlet.processDispatchResult(DispatcherServlet.java:1168) ~[spring-webmvc-6.2.15.jar:6.2.15]
	at org.springframework.web.servlet.DispatcherServlet.doDispatch(DispatcherServlet.java:1106) ~[spring-webmvc-6.2.15.jar:6.2.15]
	at org.springframework.web.servlet.DispatcherServlet.doService(DispatcherServlet.java:979) ~[spring-webmvc-6.2.15.jar:6.2.15]
	at org.springframework.web.servlet.FrameworkServlet.processRequest(FrameworkServlet.java:1014) ~[spring-webmvc-6.2.15.jar:6.2.15]
	at org.springframework.web.servlet.FrameworkServlet.doGet(FrameworkServlet.java:903) ~[spring-webmvc-6.2.15.jar:6.2.15]
	at jakarta.servlet.http.HttpServlet.service(HttpServlet.java:564) ~[tomcat-embed-core-10.1.50.jar:6.0]
	at org.springframework.web.servlet.FrameworkServlet.service(FrameworkServlet.java:885) ~[spring-webmvc-6.2.15.jar:6.2.15]
	at jakarta.servlet.http.HttpServlet.service(HttpServlet.java:658) ~[tomcat-embed-core-10.1.50.jar:6.0]
	at org.apache.catalina.core.ApplicationFilterChain.internalDoFilter(ApplicationFilterChain.java:193) ~[tomcat-embed-core-10.1.50.jar:10.1.50]
	at org.apache.catalina.core.ApplicationFilterChain.doFilter(ApplicationFilterChain.java:138) ~[tomcat-embed-core-10.1.50.jar:10.1.50]
	at org.apache.tomcat.websocket.server.WsFilter.doFilter(WsFilter.java:51) ~[tomcat-embed-websocket-10.1.50.jar:10.1.50]
	at org.apache.catalina.core.ApplicationFilterChain.internalDoFilter(ApplicationFilterChain.java:162) ~[tomcat-embed-core-10.1.50.jar:10.1.50]
	at org.apache.catalina.core.ApplicationFilterChain.doFilter(ApplicationFilterChain.java:138) ~[tomcat-embed-core-10.1.50.jar:10.1.50]
	at org.springframework.web.filter.CompositeFilter$VirtualFilterChain.doFilter(CompositeFilter.java:108) ~[spring-web-6.2.15.jar:6.2.15]
	at org.springframework.web.filter.CompositeFilter$VirtualFilterChain.doFilter(CompositeFilter.java:108) ~[spring-web-6.2.15.jar:6.2.15]
	at org.springframework.security.web.FilterChainProxy.lambda$doFilterInternal$3(FilterChainProxy.java:231) ~[spring-security-web-6.5.4.jar:6.5.4]
	at org.springframework.security.web.FilterChainProxy$VirtualFilterChain.doFilter(FilterChainProxy.java:365) ~[spring-security-web-6.5.4.jar:6.5.4]
	at org.springframework.security.web.access.intercept.AuthorizationFilter.doFilter(AuthorizationFilter.java:101) ~[spring-security-web-6.5.4.jar:6.5.4]
	at org.springframework.security.web.FilterChainProxy$VirtualFilterChain.doFilter(FilterChainProxy.java:374) ~[spring-security-web-6.5.4.jar:6.5.4]
	at org.springframework.security.web.access.ExceptionTranslationFilter.doFilter(ExceptionTranslationFilter.java:125) ~[spring-security-web-6.5.4.jar:6.5.4]
	at org.springframework.security.web.access.ExceptionTranslationFilter.doFilter(ExceptionTranslationFilter.java:119) ~[spring-security-web-6.5.4.jar:6.5.4]
	at org.springframework.security.web.FilterChainProxy$VirtualFilterChain.doFilter(FilterChainProxy.java:374) ~[spring-security-web-6.5.4.jar:6.5.4]
	at org.springframework.security.web.session.SessionManagementFilter.doFilter(SessionManagementFilter.java:131) ~[spring-security-web-6.5.4.jar:6.5.4]
	at org.springframework.security.web.session.SessionManagementFilter.doFilter(SessionManagementFilter.java:85) ~[spring-security-web-6.5.4.jar:6.5.4]
	at org.springframework.security.web.FilterChainProxy$VirtualFilterChain.doFilter(FilterChainProxy.java:374) ~[spring-security-web-6.5.4.jar:6.5.4]
	at org.springframework.security.web.authentication.AnonymousAuthenticationFilter.doFilter(AnonymousAuthenticationFilter.java:100) ~[spring-security-web-6.5.4.jar:6.5.4]
	at org.springframework.security.web.FilterChainProxy$VirtualFilterChain.doFilter(FilterChainProxy.java:374) ~[spring-security-web-6.5.4.jar:6.5.4]
	at org.springframework.security.web.servletapi.SecurityContextHolderAwareRequestFilter.doFilter(SecurityContextHolderAwareRequestFilter.java:179) ~[spring-security-web-6.5.4.jar:6.5.4]
	at org.springframework.security.web.FilterChainProxy$VirtualFilterChain.doFilter(FilterChainProxy.java:374) ~[spring-security-web-6.5.4.jar:6.5.4]
	at org.springframework.security.web.savedrequest.RequestCacheAwareFilter.doFilter(RequestCacheAwareFilter.java:63) ~[spring-security-web-6.5.4.jar:6.5.4]
	at org.springframework.security.web.FilterChainProxy$VirtualFilterChain.doFilter(FilterChainProxy.java:374) ~[spring-security-web-6.5.4.jar:6.5.4]
	at org.springframework.security.web.authentication.AbstractAuthenticationProcessingFilter.doFilter(AbstractAuthenticationProcessingFilter.java:235) ~[spring-security-web-6.5.4.jar:6.5.4]
	at org.springframework.security.web.authentication.AbstractAuthenticationProcessingFilter.doFilter(AbstractAuthenticationProcessingFilter.java:229) ~[spring-security-web-6.5.4.jar:6.5.4]
	at org.springframework.security.web.FilterChainProxy$VirtualFilterChain.doFilter(FilterChainProxy.java:374) ~[spring-security-web-6.5.4.jar:6.5.4]
	at org.springframework.security.web.authentication.logout.LogoutFilter.doFilter(LogoutFilter.java:107) ~[spring-security-web-6.5.4.jar:6.5.4]
	at org.springframework.security.web.authentication.logout.LogoutFilter.doFilter(LogoutFilter.java:93) ~[spring-security-web-6.5.4.jar:6.5.4]
	at org.springframework.security.web.FilterChainProxy$VirtualFilterChain.doFilter(FilterChainProxy.java:374) ~[spring-security-web-6.5.4.jar:6.5.4]
	at org.springframework.security.web.csrf.CsrfFilter.doFilterInternal(CsrfFilter.java:117) ~[spring-security-web-6.5.4.jar:6.5.4]
	at org.springframework.web.filter.OncePerRequestFilter.doFilter(OncePerRequestFilter.java:116) ~[spring-web-6.2.15.jar:6.2.15]
	at org.springframework.security.web.FilterChainProxy$VirtualFilterChain.doFilter(FilterChainProxy.java:374) ~[spring-security-web-6.5.4.jar:6.5.4]
	at org.springframework.security.web.header.HeaderWriterFilter.doHeadersAfter(HeaderWriterFilter.java:90) ~[spring-security-web-6.5.4.jar:6.5.4]
	at org.springframework.security.web.header.HeaderWriterFilter.doFilterInternal(HeaderWriterFilter.java:75) ~[spring-security-web-6.5.4.jar:6.5.4]
	at org.springframework.web.filter.OncePerRequestFilter.doFilter(OncePerRequestFilter.java:116) ~[spring-web-6.2.15.jar:6.2.15]
	at org.springframework.security.web.FilterChainProxy$VirtualFilterChain.doFilter(FilterChainProxy.java:374) ~[spring-security-web-6.5.4.jar:6.5.4]
	at org.springframework.security.web.context.SecurityContextHolderFilter.doFilter(SecurityContextHolderFilter.java:82) ~[spring-security-web-6.5.4.jar:6.5.4]
	at org.springframework.security.web.context.SecurityContextHolderFilter.doFilter(SecurityContextHolderFilter.java:69) ~[spring-security-web-6.5.4.jar:6.5.4]
	at org.springframework.security.web.FilterChainProxy$VirtualFilterChain.doFilter(FilterChainProxy.java:374) ~[spring-security-web-6.5.4.jar:6.5.4]
	at org.springframework.security.web.context.request.async.WebAsyncManagerIntegrationFilter.doFilterInternal(WebAsyncManagerIntegrationFilter.java:62) ~[spring-security-web-6.5.4.jar:6.5.4]
	at org.springframework.web.filter.OncePerRequestFilter.doFilter(OncePerRequestFilter.java:116) ~[spring-web-6.2.15.jar:6.2.15]
	at org.springframework.security.web.FilterChainProxy$VirtualFilterChain.doFilter(FilterChainProxy.java:374) ~[spring-security-web-6.5.4.jar:6.5.4]
	at org.springframework.security.web.session.DisableEncodeUrlFilter.doFilterInternal(DisableEncodeUrlFilter.java:42) ~[spring-security-web-6.5.4.jar:6.5.4]
	at org.springframework.web.filter.OncePerRequestFilter.doFilter(OncePerRequestFilter.java:116) ~[spring-web-6.2.15.jar:6.2.15]
	at org.springframework.security.web.FilterChainProxy$VirtualFilterChain.doFilter(FilterChainProxy.java:374) ~[spring-security-web-6.5.4.jar:6.5.4]
	at org.springframework.security.web.FilterChainProxy.doFilterInternal(FilterChainProxy.java:233) ~[spring-security-web-6.5.4.jar:6.5.4]
	at org.springframework.security.web.FilterChainProxy.doFilter(FilterChainProxy.java:191) ~[spring-security-web-6.5.4.jar:6.5.4]
	at org.springframework.web.filter.CompositeFilter$VirtualFilterChain.doFilter(CompositeFilter.java:113) ~[spring-web-6.2.15.jar:6.2.15]
	at org.springframework.web.filter.ServletRequestPathFilter.doFilter(ServletRequestPathFilter.java:52) ~[spring-web-6.2.15.jar:6.2.15]
	at org.springframework.web.filter.CompositeFilter$VirtualFilterChain.doFilter(CompositeFilter.java:113) ~[spring-web-6.2.15.jar:6.2.15]
	at org.springframework.web.filter.CompositeFilter.doFilter(CompositeFilter.java:74) ~[spring-web-6.2.15.jar:6.2.15]
	at org.springframework.security.config.annotation.web.configuration.WebSecurityConfiguration$CompositeFilterChainProxy.doFilter(WebSecurityConfiguration.java:319) ~[spring-security-config-6.5.4.jar:6.5.4]
	at org.springframework.web.filter.CompositeFilter$VirtualFilterChain.doFilter(CompositeFilter.java:113) ~[spring-web-6.2.15.jar:6.2.15]
	at org.springframework.web.servlet.handler.HandlerMappingIntrospector.lambda$createCacheFilter$4(HandlerMappingIntrospector.java:267) ~[spring-webmvc-6.2.15.jar:6.2.15]
	at org.springframework.web.filter.CompositeFilter$VirtualFilterChain.doFilter(CompositeFilter.java:113) ~[spring-web-6.2.15.jar:6.2.15]
	at org.springframework.web.filter.CompositeFilter.doFilter(CompositeFilter.java:74) ~[spring-web-6.2.15.jar:6.2.15]
	at org.springframework.security.config.annotation.web.configuration.WebMvcSecurityConfiguration$CompositeFilterChainProxy.doFilter(WebMvcSecurityConfiguration.java:240) ~[spring-security-config-6.5.4.jar:6.5.4]
	at org.springframework.web.filter.DelegatingFilterProxy.invokeDelegate(DelegatingFilterProxy.java:362) ~[spring-web-6.2.15.jar:6.2.15]
	at org.springframework.web.filter.DelegatingFilterProxy.doFilter(DelegatingFilterProxy.java:278) ~[spring-web-6.2.15.jar:6.2.15]
	at org.apache.catalina.core.ApplicationFilterChain.internalDoFilter(ApplicationFilterChain.java:162) ~[tomcat-embed-core-10.1.50.jar:10.1.50]
	at org.apache.catalina.core.ApplicationFilterChain.doFilter(ApplicationFilterChain.java:138) ~[tomcat-embed-core-10.1.50.jar:10.1.50]
	at org.springframework.web.filter.RequestContextFilter.doFilterInternal(RequestContextFilter.java:100) ~[spring-web-6.2.15.jar:6.2.15]
	at org.springframework.web.filter.OncePerRequestFilter.doFilter(OncePerRequestFilter.java:116) ~[spring-web-6.2.15.jar:6.2.15]
	at org.apache.catalina.core.ApplicationFilterChain.internalDoFilter(ApplicationFilterChain.java:162) ~[tomcat-embed-core-10.1.50.jar:10.1.50]
	at org.apache.catalina.core.ApplicationFilterChain.doFilter(ApplicationFilterChain.java:138) ~[tomcat-embed-core-10.1.50.jar:10.1.50]
	at org.springframework.web.filter.FormContentFilter.doFilterInternal(FormContentFilter.java:93) ~[spring-web-6.2.15.jar:6.2.15]
	at org.springframework.web.filter.OncePerRequestFilter.doFilter(OncePerRequestFilter.java:116) ~[spring-web-6.2.15.jar:6.2.15]
	at org.apache.catalina.core.ApplicationFilterChain.internalDoFilter(ApplicationFilterChain.java:162) ~[tomcat-embed-core-10.1.50.jar:10.1.50]
	at org.apache.catalina.core.ApplicationFilterChain.doFilter(ApplicationFilterChain.java:138) ~[tomcat-embed-core-10.1.50.jar:10.1.50]
	at org.springframework.web.filter.CharacterEncodingFilter.doFilterInternal(CharacterEncodingFilter.java:201) ~[spring-web-6.2.15.jar:6.2.15]
	at org.springframework.web.filter.OncePerRequestFilter.doFilter(OncePerRequestFilter.java:116) ~[spring-web-6.2.15.jar:6.2.15]
	at org.apache.catalina.core.ApplicationFilterChain.internalDoFilter(ApplicationFilterChain.java:162) ~[tomcat-embed-core-10.1.50.jar:10.1.50]
	at org.apache.catalina.core.ApplicationFilterChain.doFilter(ApplicationFilterChain.java:138) ~[tomcat-embed-core-10.1.50.jar:10.1.50]
	at org.apache.catalina.core.StandardWrapperValve.invoke(StandardWrapperValve.java:165) ~[tomcat-embed-core-10.1.50.jar:10.1.50]
	at org.apache.catalina.core.StandardContextValve.invoke(StandardContextValve.java:88) ~[tomcat-embed-core-10.1.50.jar:10.1.50]
	at org.apache.catalina.authenticator.AuthenticatorBase.invoke(AuthenticatorBase.java:482) ~[tomcat-embed-core-10.1.50.jar:10.1.50]
	at org.apache.catalina.core.StandardHostValve.invoke(StandardHostValve.java:113) ~[tomcat-embed-core-10.1.50.jar:10.1.50]
	at org.apache.catalina.valves.ErrorReportValve.invoke(ErrorReportValve.java:83) ~[tomcat-embed-core-10.1.50.jar:10.1.50]
	at org.apache.catalina.core.StandardEngineValve.invoke(StandardEngineValve.java:72) ~[tomcat-embed-core-10.1.50.jar:10.1.50]
	at org.apache.catalina.connector.CoyoteAdapter.service(CoyoteAdapter.java:342) ~[tomcat-embed-core-10.1.50.jar:10.1.50]
	at org.apache.coyote.http11.Http11Processor.service(Http11Processor.java:399) ~[tomcat-embed-core-10.1.50.jar:10.1.50]
	at org.apache.coyote.AbstractProcessorLight.process(AbstractProcessorLight.java:63) ~[tomcat-embed-core-10.1.50.jar:10.1.50]
	at org.apache.coyote.AbstractProtocol$ConnectionHandler.process(AbstractProtocol.java:903) ~[tomcat-embed-core-10.1.50.jar:10.1.50]
	at org.apache.tomcat.util.net.NioEndpoint$SocketProcessor.doRun(NioEndpoint.java:1774) ~[tomcat-embed-core-10.1.50.jar:10.1.50]
	at org.apache.tomcat.util.net.SocketProcessorBase.run(SocketProcessorBase.java:52) ~[tomcat-embed-core-10.1.50.jar:10.1.50]
	at org.apache.tomcat.util.threads.ThreadPoolExecutor.runWorker(ThreadPoolExecutor.java:973) ~[tomcat-embed-core-10.1.50.jar:10.1.50]
	at org.apache.tomcat.util.threads.ThreadPoolExecutor$Worker.run(ThreadPoolExecutor.java:491) ~[tomcat-embed-core-10.1.50.jar:10.1.50]
	at org.apache.tomcat.util.threads.TaskThread$WrappingRunnable.run(TaskThread.java:63) ~[tomcat-embed-core-10.1.50.jar:10.1.50]
	at java.base/java.lang.Thread.run(Thread.java:842) ~[na:na]

2026-03-16T02:08:26.937+04:00 ERROR 10820 --- [0.0-8082-exec-6] s.e.ErrorMvcAutoConfiguration$StaticView : Cannot render error page for request [/lectures/add] and exception [An error happened during template parsing (template: "class path resource [templates/lecture/add.html]")] as the response has already been committed. As a result, the response may have the wrong status code.
2026-03-16T02:10:04.796+04:00 ERROR 10820 --- [0.0-8082-exec-5] org.thymeleaf.TemplateEngine             : [THYMELEAF][http-nio-0.0.0.0-8082-exec-5] Exception processing template "lecture/add": An error happened during template parsing (template: "class path resource [templates/lecture/add.html]")

org.thymeleaf.exceptions.TemplateInputException: An error happened during template parsing (template: "class path resource [templates/lecture/add.html]")
	at org.thymeleaf.templateparser.markup.AbstractMarkupTemplateParser.parse(AbstractMarkupTemplateParser.java:241) ~[thymeleaf-3.1.3.RELEASE.jar:3.1.3.RELEASE]
	at org.thymeleaf.templateparser.markup.AbstractMarkupTemplateParser.parseStandalone(AbstractMarkupTemplateParser.java:100) ~[thymeleaf-3.1.3.RELEASE.jar:3.1.3.RELEASE]
	at org.thymeleaf.engine.TemplateManager.parseAndProcess(TemplateManager.java:666) ~[thymeleaf-3.1.3.RELEASE.jar:3.1.3.RELEASE]
	at org.thymeleaf.TemplateEngine.process(TemplateEngine.java:1103) ~[thymeleaf-3.1.3.RELEASE.jar:3.1.3.RELEASE]
	at org.thymeleaf.TemplateEngine.process(TemplateEngine.java:1077) ~[thymeleaf-3.1.3.RELEASE.jar:3.1.3.RELEASE]
	at org.thymeleaf.spring6.view.ThymeleafView.renderFragment(ThymeleafView.java:372) ~[thymeleaf-spring6-3.1.3.RELEASE.jar:3.1.3.RELEASE]
	at org.thymeleaf.spring6.view.ThymeleafView.render(ThymeleafView.java:192) ~[thymeleaf-spring6-3.1.3.RELEASE.jar:3.1.3.RELEASE]
	at org.springframework.web.servlet.DispatcherServlet.render(DispatcherServlet.java:1438) ~[spring-webmvc-6.2.15.jar:6.2.15]
	at org.springframework.web.servlet.DispatcherServlet.processDispatchResult(DispatcherServlet.java:1168) ~[spring-webmvc-6.2.15.jar:6.2.15]
	at org.springframework.web.servlet.DispatcherServlet.doDispatch(DispatcherServlet.java:1106) ~[spring-webmvc-6.2.15.jar:6.2.15]
	at org.springframework.web.servlet.DispatcherServlet.doService(DispatcherServlet.java:979) ~[spring-webmvc-6.2.15.jar:6.2.15]
	at org.springframework.web.servlet.FrameworkServlet.processRequest(FrameworkServlet.java:1014) ~[spring-webmvc-6.2.15.jar:6.2.15]
	at org.springframework.web.servlet.FrameworkServlet.doPost(FrameworkServlet.java:914) ~[spring-webmvc-6.2.15.jar:6.2.15]
	at jakarta.servlet.http.HttpServlet.service(HttpServlet.java:590) ~[tomcat-embed-core-10.1.50.jar:6.0]
	at org.springframework.web.servlet.FrameworkServlet.service(FrameworkServlet.java:885) ~[spring-webmvc-6.2.15.jar:6.2.15]
	at jakarta.servlet.http.HttpServlet.service(HttpServlet.java:658) ~[tomcat-embed-core-10.1.50.jar:6.0]
	at org.apache.catalina.core.ApplicationFilterChain.internalDoFilter(ApplicationFilterChain.java:193) ~[tomcat-embed-core-10.1.50.jar:10.1.50]
	at org.apache.catalina.core.ApplicationFilterChain.doFilter(ApplicationFilterChain.java:138) ~[tomcat-embed-core-10.1.50.jar:10.1.50]
	at org.apache.tomcat.websocket.server.WsFilter.doFilter(WsFilter.java:51) ~[tomcat-embed-websocket-10.1.50.jar:10.1.50]
	at org.apache.catalina.core.ApplicationFilterChain.internalDoFilter(ApplicationFilterChain.java:162) ~[tomcat-embed-core-10.1.50.jar:10.1.50]
	at org.apache.catalina.core.ApplicationFilterChain.doFilter(ApplicationFilterChain.java:138) ~[tomcat-embed-core-10.1.50.jar:10.1.50]
	at org.springframework.web.filter.CompositeFilter$VirtualFilterChain.doFilter(CompositeFilter.java:108) ~[spring-web-6.2.15.jar:6.2.15]
	at org.springframework.web.filter.CompositeFilter$VirtualFilterChain.doFilter(CompositeFilter.java:108) ~[spring-web-6.2.15.jar:6.2.15]
	at org.springframework.security.web.FilterChainProxy.lambda$doFilterInternal$3(FilterChainProxy.java:231) ~[spring-security-web-6.5.4.jar:6.5.4]
	at org.springframework.security.web.FilterChainProxy$VirtualFilterChain.doFilter(FilterChainProxy.java:365) ~[spring-security-web-6.5.4.jar:6.5.4]
	at org.springframework.security.web.access.intercept.AuthorizationFilter.doFilter(AuthorizationFilter.java:101) ~[spring-security-web-6.5.4.jar:6.5.4]
	at org.springframework.security.web.FilterChainProxy$VirtualFilterChain.doFilter(FilterChainProxy.java:374) ~[spring-security-web-6.5.4.jar:6.5.4]
	at org.springframework.security.web.access.ExceptionTranslationFilter.doFilter(ExceptionTranslationFilter.java:125) ~[spring-security-web-6.5.4.jar:6.5.4]
	at org.springframework.security.web.access.ExceptionTranslationFilter.doFilter(ExceptionTranslationFilter.java:119) ~[spring-security-web-6.5.4.jar:6.5.4]
	at org.springframework.security.web.FilterChainProxy$VirtualFilterChain.doFilter(FilterChainProxy.java:374) ~[spring-security-web-6.5.4.jar:6.5.4]
	at org.springframework.security.web.session.SessionManagementFilter.doFilter(SessionManagementFilter.java:131) ~[spring-security-web-6.5.4.jar:6.5.4]
	at org.springframework.security.web.session.SessionManagementFilter.doFilter(SessionManagementFilter.java:85) ~[spring-security-web-6.5.4.jar:6.5.4]
	at org.springframework.security.web.FilterChainProxy$VirtualFilterChain.doFilter(FilterChainProxy.java:374) ~[spring-security-web-6.5.4.jar:6.5.4]
	at org.springframework.security.web.authentication.AnonymousAuthenticationFilter.doFilter(AnonymousAuthenticationFilter.java:100) ~[spring-security-web-6.5.4.jar:6.5.4]
	at org.springframework.security.web.FilterChainProxy$VirtualFilterChain.doFilter(FilterChainProxy.java:374) ~[spring-security-web-6.5.4.jar:6.5.4]
	at org.springframework.security.web.servletapi.SecurityContextHolderAwareRequestFilter.doFilter(SecurityContextHolderAwareRequestFilter.java:179) ~[spring-security-web-6.5.4.jar:6.5.4]
	at org.springframework.security.web.FilterChainProxy$VirtualFilterChain.doFilter(FilterChainProxy.java:374) ~[spring-security-web-6.5.4.jar:6.5.4]
	at org.springframework.security.web.savedrequest.RequestCacheAwareFilter.doFilter(RequestCacheAwareFilter.java:63) ~[spring-security-web-6.5.4.jar:6.5.4]
	at org.springframework.security.web.FilterChainProxy$VirtualFilterChain.doFilter(FilterChainProxy.java:374) ~[spring-security-web-6.5.4.jar:6.5.4]
	at org.springframework.security.web.authentication.AbstractAuthenticationProcessingFilter.doFilter(AbstractAuthenticationProcessingFilter.java:235) ~[spring-security-web-6.5.4.jar:6.5.4]
	at org.springframework.security.web.authentication.AbstractAuthenticationProcessingFilter.doFilter(AbstractAuthenticationProcessingFilter.java:229) ~[spring-security-web-6.5.4.jar:6.5.4]
	at org.springframework.security.web.FilterChainProxy$VirtualFilterChain.doFilter(FilterChainProxy.java:374) ~[spring-security-web-6.5.4.jar:6.5.4]
	at org.springframework.security.web.authentication.logout.LogoutFilter.doFilter(LogoutFilter.java:107) ~[spring-security-web-6.5.4.jar:6.5.4]
	at org.springframework.security.web.authentication.logout.LogoutFilter.doFilter(LogoutFilter.java:93) ~[spring-security-web-6.5.4.jar:6.5.4]
	at org.springframework.security.web.FilterChainProxy$VirtualFilterChain.doFilter(FilterChainProxy.java:374) ~[spring-security-web-6.5.4.jar:6.5.4]
	at org.springframework.security.web.csrf.CsrfFilter.doFilterInternal(CsrfFilter.java:134) ~[spring-security-web-6.5.4.jar:6.5.4]
	at org.springframework.web.filter.OncePerRequestFilter.doFilter(OncePerRequestFilter.java:116) ~[spring-web-6.2.15.jar:6.2.15]
	at org.springframework.security.web.FilterChainProxy$VirtualFilterChain.doFilter(FilterChainProxy.java:374) ~[spring-security-web-6.5.4.jar:6.5.4]
	at org.springframework.security.web.header.HeaderWriterFilter.doHeadersAfter(HeaderWriterFilter.java:90) ~[spring-security-web-6.5.4.jar:6.5.4]
	at org.springframework.security.web.header.HeaderWriterFilter.doFilterInternal(HeaderWriterFilter.java:75) ~[spring-security-web-6.5.4.jar:6.5.4]
	at org.springframework.web.filter.OncePerRequestFilter.doFilter(OncePerRequestFilter.java:116) ~[spring-web-6.2.15.jar:6.2.15]
	at org.springframework.security.web.FilterChainProxy$VirtualFilterChain.doFilter(FilterChainProxy.java:374) ~[spring-security-web-6.5.4.jar:6.5.4]
	at org.springframework.security.web.context.SecurityContextHolderFilter.doFilter(SecurityContextHolderFilter.java:82) ~[spring-security-web-6.5.4.jar:6.5.4]
	at org.springframework.security.web.context.SecurityContextHolderFilter.doFilter(SecurityContextHolderFilter.java:69) ~[spring-security-web-6.5.4.jar:6.5.4]
	at org.springframework.security.web.FilterChainProxy$VirtualFilterChain.doFilter(FilterChainProxy.java:374) ~[spring-security-web-6.5.4.jar:6.5.4]
	at org.springframework.security.web.context.request.async.WebAsyncManagerIntegrationFilter.doFilterInternal(WebAsyncManagerIntegrationFilter.java:62) ~[spring-security-web-6.5.4.jar:6.5.4]
	at org.springframework.web.filter.OncePerRequestFilter.doFilter(OncePerRequestFilter.java:116) ~[spring-web-6.2.15.jar:6.2.15]
	at org.springframework.security.web.FilterChainProxy$VirtualFilterChain.doFilter(FilterChainProxy.java:374) ~[spring-security-web-6.5.4.jar:6.5.4]
	at org.springframework.security.web.session.DisableEncodeUrlFilter.doFilterInternal(DisableEncodeUrlFilter.java:42) ~[spring-security-web-6.5.4.jar:6.5.4]
	at org.springframework.web.filter.OncePerRequestFilter.doFilter(OncePerRequestFilter.java:116) ~[spring-web-6.2.15.jar:6.2.15]
	at org.springframework.security.web.FilterChainProxy$VirtualFilterChain.doFilter(FilterChainProxy.java:374) ~[spring-security-web-6.5.4.jar:6.5.4]
	at org.springframework.security.web.FilterChainProxy.doFilterInternal(FilterChainProxy.java:233) ~[spring-security-web-6.5.4.jar:6.5.4]
	at org.springframework.security.web.FilterChainProxy.doFilter(FilterChainProxy.java:191) ~[spring-security-web-6.5.4.jar:6.5.4]
	at org.springframework.web.filter.CompositeFilter$VirtualFilterChain.doFilter(CompositeFilter.java:113) ~[spring-web-6.2.15.jar:6.2.15]
	at org.springframework.web.filter.ServletRequestPathFilter.doFilter(ServletRequestPathFilter.java:52) ~[spring-web-6.2.15.jar:6.2.15]
	at org.springframework.web.filter.CompositeFilter$VirtualFilterChain.doFilter(CompositeFilter.java:113) ~[spring-web-6.2.15.jar:6.2.15]
	at org.springframework.web.filter.CompositeFilter.doFilter(CompositeFilter.java:74) ~[spring-web-6.2.15.jar:6.2.15]
	at org.springframework.security.config.annotation.web.configuration.WebSecurityConfiguration$CompositeFilterChainProxy.doFilter(WebSecurityConfiguration.java:319) ~[spring-security-config-6.5.4.jar:6.5.4]
	at org.springframework.web.filter.CompositeFilter$VirtualFilterChain.doFilter(CompositeFilter.java:113) ~[spring-web-6.2.15.jar:6.2.15]
	at org.springframework.web.servlet.handler.HandlerMappingIntrospector.lambda$createCacheFilter$4(HandlerMappingIntrospector.java:267) ~[spring-webmvc-6.2.15.jar:6.2.15]
	at org.springframework.web.filter.CompositeFilter$VirtualFilterChain.doFilter(CompositeFilter.java:113) ~[spring-web-6.2.15.jar:6.2.15]
	at org.springframework.web.filter.CompositeFilter.doFilter(CompositeFilter.java:74) ~[spring-web-6.2.15.jar:6.2.15]
	at org.springframework.security.config.annotation.web.configuration.WebMvcSecurityConfiguration$CompositeFilterChainProxy.doFilter(WebMvcSecurityConfiguration.java:240) ~[spring-security-config-6.5.4.jar:6.5.4]
	at org.springframework.web.filter.DelegatingFilterProxy.invokeDelegate(DelegatingFilterProxy.java:362) ~[spring-web-6.2.15.jar:6.2.15]
	at org.springframework.web.filter.DelegatingFilterProxy.doFilter(DelegatingFilterProxy.java:278) ~[spring-web-6.2.15.jar:6.2.15]
	at org.apache.catalina.core.ApplicationFilterChain.internalDoFilter(ApplicationFilterChain.java:162) ~[tomcat-embed-core-10.1.50.jar:10.1.50]
	at org.apache.catalina.core.ApplicationFilterChain.doFilter(ApplicationFilterChain.java:138) ~[tomcat-embed-core-10.1.50.jar:10.1.50]
	at org.springframework.web.filter.RequestContextFilter.doFilterInternal(RequestContextFilter.java:100) ~[spring-web-6.2.15.jar:6.2.15]
	at org.springframework.web.filter.OncePerRequestFilter.doFilter(OncePerRequestFilter.java:116) ~[spring-web-6.2.15.jar:6.2.15]
	at org.apache.catalina.core.ApplicationFilterChain.internalDoFilter(ApplicationFilterChain.java:162) ~[tomcat-embed-core-10.1.50.jar:10.1.50]
	at org.apache.catalina.core.ApplicationFilterChain.doFilter(ApplicationFilterChain.java:138) ~[tomcat-embed-core-10.1.50.jar:10.1.50]
	at org.springframework.web.filter.FormContentFilter.doFilterInternal(FormContentFilter.java:93) ~[spring-web-6.2.15.jar:6.2.15]
	at org.springframework.web.filter.OncePerRequestFilter.doFilter(OncePerRequestFilter.java:116) ~[spring-web-6.2.15.jar:6.2.15]
	at org.apache.catalina.core.ApplicationFilterChain.internalDoFilter(ApplicationFilterChain.java:162) ~[tomcat-embed-core-10.1.50.jar:10.1.50]
	at org.apache.catalina.core.ApplicationFilterChain.doFilter(ApplicationFilterChain.java:138) ~[tomcat-embed-core-10.1.50.jar:10.1.50]
	at org.springframework.web.filter.CharacterEncodingFilter.doFilterInternal(CharacterEncodingFilter.java:201) ~[spring-web-6.2.15.jar:6.2.15]
	at org.springframework.web.filter.OncePerRequestFilter.doFilter(OncePerRequestFilter.java:116) ~[spring-web-6.2.15.jar:6.2.15]
	at org.apache.catalina.core.ApplicationFilterChain.internalDoFilter(ApplicationFilterChain.java:162) ~[tomcat-embed-core-10.1.50.jar:10.1.50]
	at org.apache.catalina.core.ApplicationFilterChain.doFilter(ApplicationFilterChain.java:138) ~[tomcat-embed-core-10.1.50.jar:10.1.50]
	at org.apache.catalina.core.StandardWrapperValve.invoke(StandardWrapperValve.java:165) ~[tomcat-embed-core-10.1.50.jar:10.1.50]
	at org.apache.catalina.core.StandardContextValve.invoke(StandardContextValve.java:88) ~[tomcat-embed-core-10.1.50.jar:10.1.50]
	at org.apache.catalina.authenticator.AuthenticatorBase.invoke(AuthenticatorBase.java:482) ~[tomcat-embed-core-10.1.50.jar:10.1.50]
	at org.apache.catalina.core.StandardHostValve.invoke(StandardHostValve.java:113) ~[tomcat-embed-core-10.1.50.jar:10.1.50]
	at org.apache.catalina.valves.ErrorReportValve.invoke(ErrorReportValve.java:83) ~[tomcat-embed-core-10.1.50.jar:10.1.50]
	at org.apache.catalina.core.StandardEngineValve.invoke(StandardEngineValve.java:72) ~[tomcat-embed-core-10.1.50.jar:10.1.50]
	at org.apache.catalina.connector.CoyoteAdapter.service(CoyoteAdapter.java:342) ~[tomcat-embed-core-10.1.50.jar:10.1.50]
	at org.apache.coyote.http11.Http11Processor.service(Http11Processor.java:399) ~[tomcat-embed-core-10.1.50.jar:10.1.50]
	at org.apache.coyote.AbstractProcessorLight.process(AbstractProcessorLight.java:63) ~[tomcat-embed-core-10.1.50.jar:10.1.50]
	at org.apache.coyote.AbstractProtocol$ConnectionHandler.process(AbstractProtocol.java:903) ~[tomcat-embed-core-10.1.50.jar:10.1.50]
	at org.apache.tomcat.util.net.NioEndpoint$SocketProcessor.doRun(NioEndpoint.java:1774) ~[tomcat-embed-core-10.1.50.jar:10.1.50]
	at org.apache.tomcat.util.net.SocketProcessorBase.run(SocketProcessorBase.java:52) ~[tomcat-embed-core-10.1.50.jar:10.1.50]
	at org.apache.tomcat.util.threads.ThreadPoolExecutor.runWorker(ThreadPoolExecutor.java:973) ~[tomcat-embed-core-10.1.50.jar:10.1.50]
	at org.apache.tomcat.util.threads.ThreadPoolExecutor$Worker.run(ThreadPoolExecutor.java:491) ~[tomcat-embed-core-10.1.50.jar:10.1.50]
	at org.apache.tomcat.util.threads.TaskThread$WrappingRunnable.run(TaskThread.java:63) ~[tomcat-embed-core-10.1.50.jar:10.1.50]
	at java.base/java.lang.Thread.run(Thread.java:842) ~[na:na]
Caused by: org.attoparser.ParseException: Exception evaluating SpringEL expression: "#fields.hasAnyErrors()" (template: "lecture/add" - line 65, col 34)
	at org.attoparser.MarkupParser.parseDocument(MarkupParser.java:393) ~[attoparser-2.0.7.RELEASE.jar:2.0.7.RELEASE]
	at org.attoparser.MarkupParser.parse(MarkupParser.java:257) ~[attoparser-2.0.7.RELEASE.jar:2.0.7.RELEASE]
	at org.thymeleaf.templateparser.markup.AbstractMarkupTemplateParser.parse(AbstractMarkupTemplateParser.java:230) ~[thymeleaf-3.1.3.RELEASE.jar:3.1.3.RELEASE]
	... 104 common frames omitted
Caused by: org.thymeleaf.exceptions.TemplateProcessingException: Exception evaluating SpringEL expression: "#fields.hasAnyErrors()" (template: "lecture/add" - line 65, col 34)
	at org.thymeleaf.spring6.expression.SPELVariableExpressionEvaluator.evaluate(SPELVariableExpressionEvaluator.java:292) ~[thymeleaf-spring6-3.1.3.RELEASE.jar:3.1.3.RELEASE]
	at org.thymeleaf.standard.expression.VariableExpression.executeVariableExpression(VariableExpression.java:166) ~[thymeleaf-3.1.3.RELEASE.jar:3.1.3.RELEASE]
	at org.thymeleaf.standard.expression.SimpleExpression.executeSimple(SimpleExpression.java:66) ~[thymeleaf-3.1.3.RELEASE.jar:3.1.3.RELEASE]
	at org.thymeleaf.standard.expression.Expression.execute(Expression.java:109) ~[thymeleaf-3.1.3.RELEASE.jar:3.1.3.RELEASE]
	at org.thymeleaf.standard.expression.Expression.execute(Expression.java:138) ~[thymeleaf-3.1.3.RELEASE.jar:3.1.3.RELEASE]
	at org.thymeleaf.standard.expression.Expression.execute(Expression.java:125) ~[thymeleaf-3.1.3.RELEASE.jar:3.1.3.RELEASE]
	at org.thymeleaf.standard.processor.StandardIfTagProcessor.isVisible(StandardIfTagProcessor.java:59) ~[thymeleaf-3.1.3.RELEASE.jar:3.1.3.RELEASE]
	at org.thymeleaf.standard.processor.AbstractStandardConditionalVisibilityTagProcessor.doProcess(AbstractStandardConditionalVisibilityTagProcessor.java:61) ~[thymeleaf-3.1.3.RELEASE.jar:3.1.3.RELEASE]
	at org.thymeleaf.processor.element.AbstractAttributeTagProcessor.doProcess(AbstractAttributeTagProcessor.java:74) ~[thymeleaf-3.1.3.RELEASE.jar:3.1.3.RELEASE]
	at org.thymeleaf.processor.element.AbstractElementTagProcessor.process(AbstractElementTagProcessor.java:95) ~[thymeleaf-3.1.3.RELEASE.jar:3.1.3.RELEASE]
	at org.thymeleaf.util.ProcessorConfigurationUtils$ElementTagProcessorWrapper.process(ProcessorConfigurationUtils.java:633) ~[thymeleaf-3.1.3.RELEASE.jar:3.1.3.RELEASE]
	at org.thymeleaf.engine.ProcessorTemplateHandler.handleOpenElement(ProcessorTemplateHandler.java:1314) ~[thymeleaf-3.1.3.RELEASE.jar:3.1.3.RELEASE]
	at org.thymeleaf.engine.TemplateHandlerAdapterMarkupHandler.handleOpenElementEnd(TemplateHandlerAdapterMarkupHandler.java:304) ~[thymeleaf-3.1.3.RELEASE.jar:3.1.3.RELEASE]
	at org.thymeleaf.templateparser.markup.InlinedOutputExpressionMarkupHandler$InlineMarkupAdapterPreProcessorHandler.handleOpenElementEnd(InlinedOutputExpressionMarkupHandler.java:278) ~[thymeleaf-3.1.3.RELEASE.jar:3.1.3.RELEASE]
	at org.thymeleaf.standard.inline.OutputExpressionInlinePreProcessorHandler.handleOpenElementEnd(OutputExpressionInlinePreProcessorHandler.java:186) ~[thymeleaf-3.1.3.RELEASE.jar:3.1.3.RELEASE]
	at org.thymeleaf.templateparser.markup.InlinedOutputExpressionMarkupHandler.handleOpenElementEnd(InlinedOutputExpressionMarkupHandler.java:124) ~[thymeleaf-3.1.3.RELEASE.jar:3.1.3.RELEASE]
	at org.attoparser.HtmlElement.handleOpenElementEnd(HtmlElement.java:109) ~[attoparser-2.0.7.RELEASE.jar:2.0.7.RELEASE]
	at org.attoparser.HtmlMarkupHandler.handleOpenElementEnd(HtmlMarkupHandler.java:297) ~[attoparser-2.0.7.RELEASE.jar:2.0.7.RELEASE]
	at org.attoparser.MarkupEventProcessorHandler.handleOpenElementEnd(MarkupEventProcessorHandler.java:402) ~[attoparser-2.0.7.RELEASE.jar:2.0.7.RELEASE]
	at org.attoparser.ParsingElementMarkupUtil.parseOpenElement(ParsingElementMarkupUtil.java:159) ~[attoparser-2.0.7.RELEASE.jar:2.0.7.RELEASE]
	at org.attoparser.MarkupParser.parseBuffer(MarkupParser.java:710) ~[attoparser-2.0.7.RELEASE.jar:2.0.7.RELEASE]
	at org.attoparser.MarkupParser.parseDocument(MarkupParser.java:301) ~[attoparser-2.0.7.RELEASE.jar:2.0.7.RELEASE]
	... 106 common frames omitted
Caused by: java.lang.IllegalStateException: Neither BindingResult nor plain target object for bean name 'lecture' available as request attribute
	at org.springframework.web.servlet.support.BindStatus.<init>(BindStatus.java:153) ~[spring-webmvc-6.2.15.jar:6.2.15]
	at org.springframework.web.servlet.support.RequestContext.getBindStatus(RequestContext.java:928) ~[spring-webmvc-6.2.15.jar:6.2.15]
	at org.thymeleaf.spring6.context.webmvc.SpringWebMvcThymeleafRequestContext.getBindStatus(SpringWebMvcThymeleafRequestContext.java:232) ~[thymeleaf-spring6-3.1.3.RELEASE.jar:3.1.3.RELEASE]
	at org.thymeleaf.spring6.util.FieldUtils.getBindStatusFromParsedExpression(FieldUtils.java:306) ~[thymeleaf-spring6-3.1.3.RELEASE.jar:3.1.3.RELEASE]
	at org.thymeleaf.spring6.util.FieldUtils.getBindStatus(FieldUtils.java:253) ~[thymeleaf-spring6-3.1.3.RELEASE.jar:3.1.3.RELEASE]
	at org.thymeleaf.spring6.util.FieldUtils.getBindStatus(FieldUtils.java:240) ~[thymeleaf-spring6-3.1.3.RELEASE.jar:3.1.3.RELEASE]
	at org.thymeleaf.spring6.util.FieldUtils.getBindStatus(FieldUtils.java:227) ~[thymeleaf-spring6-3.1.3.RELEASE.jar:3.1.3.RELEASE]
	at org.thymeleaf.spring6.util.FieldUtils.checkErrors(FieldUtils.java:212) ~[thymeleaf-spring6-3.1.3.RELEASE.jar:3.1.3.RELEASE]
	at org.thymeleaf.spring6.util.FieldUtils.hasAnyErrors(FieldUtils.java:75) ~[thymeleaf-spring6-3.1.3.RELEASE.jar:3.1.3.RELEASE]
	at org.thymeleaf.spring6.expression.Fields.hasAnyErrors(Fields.java:50) ~[thymeleaf-spring6-3.1.3.RELEASE.jar:3.1.3.RELEASE]
	at java.base/jdk.internal.reflect.NativeMethodAccessorImpl.invoke0(Native Method) ~[na:na]
	at java.base/jdk.internal.reflect.NativeMethodAccessorImpl.invoke(NativeMethodAccessorImpl.java:77) ~[na:na]
	at java.base/jdk.internal.reflect.DelegatingMethodAccessorImpl.invoke(DelegatingMethodAccessorImpl.java:43) ~[na:na]
	at java.base/java.lang.reflect.Method.invoke(Method.java:568) ~[na:na]
	at org.springframework.expression.spel.support.ReflectiveMethodExecutor.execute(ReflectiveMethodExecutor.java:116) ~[spring-expression-6.2.15.jar:6.2.15]
	at org.springframework.expression.spel.ast.MethodReference.getValueInternal(MethodReference.java:125) ~[spring-expression-6.2.15.jar:6.2.15]
	at org.springframework.expression.spel.ast.MethodReference$MethodValueRef.getValue(MethodReference.java:398) ~[spring-expression-6.2.15.jar:6.2.15]
	at org.springframework.expression.spel.ast.CompoundExpression.getValueInternal(CompoundExpression.java:97) ~[spring-expression-6.2.15.jar:6.2.15]
	at org.springframework.expression.spel.ast.SpelNodeImpl.getValue(SpelNodeImpl.java:116) ~[spring-expression-6.2.15.jar:6.2.15]
	at org.springframework.expression.spel.standard.SpelExpression.getValue(SpelExpression.java:338) ~[spring-expression-6.2.15.jar:6.2.15]
	at org.thymeleaf.spring6.expression.SPELVariableExpressionEvaluator.evaluate(SPELVariableExpressionEvaluator.java:265) ~[thymeleaf-spring6-3.1.3.RELEASE.jar:3.1.3.RELEASE]
	... 127 common frames omitted

2026-03-16T02:10:04.816+04:00 ERROR 10820 --- [0.0-8082-exec-5] o.a.c.c.C.[.[.[/].[dispatcherServlet]    : Servlet.service() for servlet [dispatcherServlet] in context with path [] threw exception [Request processing failed: org.thymeleaf.exceptions.TemplateInputException: An error happened during template parsing (template: "class path resource [templates/lecture/add.html]")] with root cause

java.lang.IllegalStateException: Neither BindingResult nor plain target object for bean name 'lecture' available as request attribute
	at org.springframework.web.servlet.support.BindStatus.<init>(BindStatus.java:153) ~[spring-webmvc-6.2.15.jar:6.2.15]
	at org.springframework.web.servlet.support.RequestContext.getBindStatus(RequestContext.java:928) ~[spring-webmvc-6.2.15.jar:6.2.15]
	at org.thymeleaf.spring6.context.webmvc.SpringWebMvcThymeleafRequestContext.getBindStatus(SpringWebMvcThymeleafRequestContext.java:232) ~[thymeleaf-spring6-3.1.3.RELEASE.jar:3.1.3.RELEASE]
	at org.thymeleaf.spring6.util.FieldUtils.getBindStatusFromParsedExpression(FieldUtils.java:306) ~[thymeleaf-spring6-3.1.3.RELEASE.jar:3.1.3.RELEASE]
	at org.thymeleaf.spring6.util.FieldUtils.getBindStatus(FieldUtils.java:253) ~[thymeleaf-spring6-3.1.3.RELEASE.jar:3.1.3.RELEASE]
	at org.thymeleaf.spring6.util.FieldUtils.getBindStatus(FieldUtils.java:240) ~[thymeleaf-spring6-3.1.3.RELEASE.jar:3.1.3.RELEASE]
	at org.thymeleaf.spring6.util.FieldUtils.getBindStatus(FieldUtils.java:227) ~[thymeleaf-spring6-3.1.3.RELEASE.jar:3.1.3.RELEASE]
	at org.thymeleaf.spring6.util.FieldUtils.checkErrors(FieldUtils.java:212) ~[thymeleaf-spring6-3.1.3.RELEASE.jar:3.1.3.RELEASE]
	at org.thymeleaf.spring6.util.FieldUtils.hasAnyErrors(FieldUtils.java:75) ~[thymeleaf-spring6-3.1.3.RELEASE.jar:3.1.3.RELEASE]
	at org.thymeleaf.spring6.expression.Fields.hasAnyErrors(Fields.java:50) ~[thymeleaf-spring6-3.1.3.RELEASE.jar:3.1.3.RELEASE]
	at java.base/jdk.internal.reflect.NativeMethodAccessorImpl.invoke0(Native Method) ~[na:na]
	at java.base/jdk.internal.reflect.NativeMethodAccessorImpl.invoke(NativeMethodAccessorImpl.java:77) ~[na:na]
	at java.base/jdk.internal.reflect.DelegatingMethodAccessorImpl.invoke(DelegatingMethodAccessorImpl.java:43) ~[na:na]
	at java.base/java.lang.reflect.Method.invoke(Method.java:568) ~[na:na]
	at org.springframework.expression.spel.support.ReflectiveMethodExecutor.execute(ReflectiveMethodExecutor.java:116) ~[spring-expression-6.2.15.jar:6.2.15]
	at org.springframework.expression.spel.ast.MethodReference.getValueInternal(MethodReference.java:125) ~[spring-expression-6.2.15.jar:6.2.15]
	at org.springframework.expression.spel.ast.MethodReference$MethodValueRef.getValue(MethodReference.java:398) ~[spring-expression-6.2.15.jar:6.2.15]
	at org.springframework.expression.spel.ast.CompoundExpression.getValueInternal(CompoundExpression.java:97) ~[spring-expression-6.2.15.jar:6.2.15]
	at org.springframework.expression.spel.ast.SpelNodeImpl.getValue(SpelNodeImpl.java:116) ~[spring-expression-6.2.15.jar:6.2.15]
	at org.springframework.expression.spel.standard.SpelExpression.getValue(SpelExpression.java:338) ~[spring-expression-6.2.15.jar:6.2.15]
	at org.thymeleaf.spring6.expression.SPELVariableExpressionEvaluator.evaluate(SPELVariableExpressionEvaluator.java:265) ~[thymeleaf-spring6-3.1.3.RELEASE.jar:3.1.3.RELEASE]
	at org.thymeleaf.standard.expression.VariableExpression.executeVariableExpression(VariableExpression.java:166) ~[thymeleaf-3.1.3.RELEASE.jar:3.1.3.RELEASE]
	at org.thymeleaf.standard.expression.SimpleExpression.executeSimple(SimpleExpression.java:66) ~[thymeleaf-3.1.3.RELEASE.jar:3.1.3.RELEASE]
	at org.thymeleaf.standard.expression.Expression.execute(Expression.java:109) ~[thymeleaf-3.1.3.RELEASE.jar:3.1.3.RELEASE]
	at org.thymeleaf.standard.expression.Expression.execute(Expression.java:138) ~[thymeleaf-3.1.3.RELEASE.jar:3.1.3.RELEASE]
	at org.thymeleaf.standard.expression.Expression.execute(Expression.java:125) ~[thymeleaf-3.1.3.RELEASE.jar:3.1.3.RELEASE]
	at org.thymeleaf.standard.processor.StandardIfTagProcessor.isVisible(StandardIfTagProcessor.java:59) ~[thymeleaf-3.1.3.RELEASE.jar:3.1.3.RELEASE]
	at org.thymeleaf.standard.processor.AbstractStandardConditionalVisibilityTagProcessor.doProcess(AbstractStandardConditionalVisibilityTagProcessor.java:61) ~[thymeleaf-3.1.3.RELEASE.jar:3.1.3.RELEASE]
	at org.thymeleaf.processor.element.AbstractAttributeTagProcessor.doProcess(AbstractAttributeTagProcessor.java:74) ~[thymeleaf-3.1.3.RELEASE.jar:3.1.3.RELEASE]
	at org.thymeleaf.processor.element.AbstractElementTagProcessor.process(AbstractElementTagProcessor.java:95) ~[thymeleaf-3.1.3.RELEASE.jar:3.1.3.RELEASE]
	at org.thymeleaf.util.ProcessorConfigurationUtils$ElementTagProcessorWrapper.process(ProcessorConfigurationUtils.java:633) ~[thymeleaf-3.1.3.RELEASE.jar:3.1.3.RELEASE]
	at org.thymeleaf.engine.ProcessorTemplateHandler.handleOpenElement(ProcessorTemplateHandler.java:1314) ~[thymeleaf-3.1.3.RELEASE.jar:3.1.3.RELEASE]
	at org.thymeleaf.engine.TemplateHandlerAdapterMarkupHandler.handleOpenElementEnd(TemplateHandlerAdapterMarkupHandler.java:304) ~[thymeleaf-3.1.3.RELEASE.jar:3.1.3.RELEASE]
	at org.thymeleaf.templateparser.markup.InlinedOutputExpressionMarkupHandler$InlineMarkupAdapterPreProcessorHandler.handleOpenElementEnd(InlinedOutputExpressionMarkupHandler.java:278) ~[thymeleaf-3.1.3.RELEASE.jar:3.1.3.RELEASE]
	at org.thymeleaf.standard.inline.OutputExpressionInlinePreProcessorHandler.handleOpenElementEnd(OutputExpressionInlinePreProcessorHandler.java:186) ~[thymeleaf-3.1.3.RELEASE.jar:3.1.3.RELEASE]
	at org.thymeleaf.templateparser.markup.InlinedOutputExpressionMarkupHandler.handleOpenElementEnd(InlinedOutputExpressionMarkupHandler.java:124) ~[thymeleaf-3.1.3.RELEASE.jar:3.1.3.RELEASE]
	at org.attoparser.HtmlElement.handleOpenElementEnd(HtmlElement.java:109) ~[attoparser-2.0.7.RELEASE.jar:2.0.7.RELEASE]
	at org.attoparser.HtmlMarkupHandler.handleOpenElementEnd(HtmlMarkupHandler.java:297) ~[attoparser-2.0.7.RELEASE.jar:2.0.7.RELEASE]
	at org.attoparser.MarkupEventProcessorHandler.handleOpenElementEnd(MarkupEventProcessorHandler.java:402) ~[attoparser-2.0.7.RELEASE.jar:2.0.7.RELEASE]
	at org.attoparser.ParsingElementMarkupUtil.parseOpenElement(ParsingElementMarkupUtil.java:159) ~[attoparser-2.0.7.RELEASE.jar:2.0.7.RELEASE]
	at org.attoparser.MarkupParser.parseBuffer(MarkupParser.java:710) ~[attoparser-2.0.7.RELEASE.jar:2.0.7.RELEASE]
	at org.attoparser.MarkupParser.parseDocument(MarkupParser.java:301) ~[attoparser-2.0.7.RELEASE.jar:2.0.7.RELEASE]
	at org.attoparser.MarkupParser.parse(MarkupParser.java:257) ~[attoparser-2.0.7.RELEASE.jar:2.0.7.RELEASE]
	at org.thymeleaf.templateparser.markup.AbstractMarkupTemplateParser.parse(AbstractMarkupTemplateParser.java:230) ~[thymeleaf-3.1.3.RELEASE.jar:3.1.3.RELEASE]
	at org.thymeleaf.templateparser.markup.AbstractMarkupTemplateParser.parseStandalone(AbstractMarkupTemplateParser.java:100) ~[thymeleaf-3.1.3.RELEASE.jar:3.1.3.RELEASE]
	at org.thymeleaf.engine.TemplateManager.parseAndProcess(TemplateManager.java:666) ~[thymeleaf-3.1.3.RELEASE.jar:3.1.3.RELEASE]
	at org.thymeleaf.TemplateEngine.process(TemplateEngine.java:1103) ~[thymeleaf-3.1.3.RELEASE.jar:3.1.3.RELEASE]
	at org.thymeleaf.TemplateEngine.process(TemplateEngine.java:1077) ~[thymeleaf-3.1.3.RELEASE.jar:3.1.3.RELEASE]
	at org.thymeleaf.spring6.view.ThymeleafView.renderFragment(ThymeleafView.java:372) ~[thymeleaf-spring6-3.1.3.RELEASE.jar:3.1.3.RELEASE]
	at org.thymeleaf.spring6.view.ThymeleafView.render(ThymeleafView.java:192) ~[thymeleaf-spring6-3.1.3.RELEASE.jar:3.1.3.RELEASE]
	at org.springframework.web.servlet.DispatcherServlet.render(DispatcherServlet.java:1438) ~[spring-webmvc-6.2.15.jar:6.2.15]
	at org.springframework.web.servlet.DispatcherServlet.processDispatchResult(DispatcherServlet.java:1168) ~[spring-webmvc-6.2.15.jar:6.2.15]
	at org.springframework.web.servlet.DispatcherServlet.doDispatch(DispatcherServlet.java:1106) ~[spring-webmvc-6.2.15.jar:6.2.15]
	at org.springframework.web.servlet.DispatcherServlet.doService(DispatcherServlet.java:979) ~[spring-webmvc-6.2.15.jar:6.2.15]
	at org.springframework.web.servlet.FrameworkServlet.processRequest(FrameworkServlet.java:1014) ~[spring-webmvc-6.2.15.jar:6.2.15]
	at org.springframework.web.servlet.FrameworkServlet.doPost(FrameworkServlet.java:914) ~[spring-webmvc-6.2.15.jar:6.2.15]
	at jakarta.servlet.http.HttpServlet.service(HttpServlet.java:590) ~[tomcat-embed-core-10.1.50.jar:6.0]
	at org.springframework.web.servlet.FrameworkServlet.service(FrameworkServlet.java:885) ~[spring-webmvc-6.2.15.jar:6.2.15]
	at jakarta.servlet.http.HttpServlet.service(HttpServlet.java:658) ~[tomcat-embed-core-10.1.50.jar:6.0]
	at org.apache.catalina.core.ApplicationFilterChain.internalDoFilter(ApplicationFilterChain.java:193) ~[tomcat-embed-core-10.1.50.jar:10.1.50]
	at org.apache.catalina.core.ApplicationFilterChain.doFilter(ApplicationFilterChain.java:138) ~[tomcat-embed-core-10.1.50.jar:10.1.50]
	at org.apache.tomcat.websocket.server.WsFilter.doFilter(WsFilter.java:51) ~[tomcat-embed-websocket-10.1.50.jar:10.1.50]
	at org.apache.catalina.core.ApplicationFilterChain.internalDoFilter(ApplicationFilterChain.java:162) ~[tomcat-embed-core-10.1.50.jar:10.1.50]
	at org.apache.catalina.core.ApplicationFilterChain.doFilter(ApplicationFilterChain.java:138) ~[tomcat-embed-core-10.1.50.jar:10.1.50]
	at org.springframework.web.filter.CompositeFilter$VirtualFilterChain.doFilter(CompositeFilter.java:108) ~[spring-web-6.2.15.jar:6.2.15]
	at org.springframework.web.filter.CompositeFilter$VirtualFilterChain.doFilter(CompositeFilter.java:108) ~[spring-web-6.2.15.jar:6.2.15]
	at org.springframework.security.web.FilterChainProxy.lambda$doFilterInternal$3(FilterChainProxy.java:231) ~[spring-security-web-6.5.4.jar:6.5.4]
	at org.springframework.security.web.FilterChainProxy$VirtualFilterChain.doFilter(FilterChainProxy.java:365) ~[spring-security-web-6.5.4.jar:6.5.4]
	at org.springframework.security.web.access.intercept.AuthorizationFilter.doFilter(AuthorizationFilter.java:101) ~[spring-security-web-6.5.4.jar:6.5.4]
	at org.springframework.security.web.FilterChainProxy$VirtualFilterChain.doFilter(FilterChainProxy.java:374) ~[spring-security-web-6.5.4.jar:6.5.4]
	at org.springframework.security.web.access.ExceptionTranslationFilter.doFilter(ExceptionTranslationFilter.java:125) ~[spring-security-web-6.5.4.jar:6.5.4]
	at org.springframework.security.web.access.ExceptionTranslationFilter.doFilter(ExceptionTranslationFilter.java:119) ~[spring-security-web-6.5.4.jar:6.5.4]
	at org.springframework.security.web.FilterChainProxy$VirtualFilterChain.doFilter(FilterChainProxy.java:374) ~[spring-security-web-6.5.4.jar:6.5.4]
	at org.springframework.security.web.session.SessionManagementFilter.doFilter(SessionManagementFilter.java:131) ~[spring-security-web-6.5.4.jar:6.5.4]
	at org.springframework.security.web.session.SessionManagementFilter.doFilter(SessionManagementFilter.java:85) ~[spring-security-web-6.5.4.jar:6.5.4]
	at org.springframework.security.web.FilterChainProxy$VirtualFilterChain.doFilter(FilterChainProxy.java:374) ~[spring-security-web-6.5.4.jar:6.5.4]
	at org.springframework.security.web.authentication.AnonymousAuthenticationFilter.doFilter(AnonymousAuthenticationFilter.java:100) ~[spring-security-web-6.5.4.jar:6.5.4]
	at org.springframework.security.web.FilterChainProxy$VirtualFilterChain.doFilter(FilterChainProxy.java:374) ~[spring-security-web-6.5.4.jar:6.5.4]
	at org.springframework.security.web.servletapi.SecurityContextHolderAwareRequestFilter.doFilter(SecurityContextHolderAwareRequestFilter.java:179) ~[spring-security-web-6.5.4.jar:6.5.4]
	at org.springframework.security.web.FilterChainProxy$VirtualFilterChain.doFilter(FilterChainProxy.java:374) ~[spring-security-web-6.5.4.jar:6.5.4]
	at org.springframework.security.web.savedrequest.RequestCacheAwareFilter.doFilter(RequestCacheAwareFilter.java:63) ~[spring-security-web-6.5.4.jar:6.5.4]
	at org.springframework.security.web.FilterChainProxy$VirtualFilterChain.doFilter(FilterChainProxy.java:374) ~[spring-security-web-6.5.4.jar:6.5.4]
	at org.springframework.security.web.authentication.AbstractAuthenticationProcessingFilter.doFilter(AbstractAuthenticationProcessingFilter.java:235) ~[spring-security-web-6.5.4.jar:6.5.4]
	at org.springframework.security.web.authentication.AbstractAuthenticationProcessingFilter.doFilter(AbstractAuthenticationProcessingFilter.java:229) ~[spring-security-web-6.5.4.jar:6.5.4]
	at org.springframework.security.web.FilterChainProxy$VirtualFilterChain.doFilter(FilterChainProxy.java:374) ~[spring-security-web-6.5.4.jar:6.5.4]
	at org.springframework.security.web.authentication.logout.LogoutFilter.doFilter(LogoutFilter.java:107) ~[spring-security-web-6.5.4.jar:6.5.4]
	at org.springframework.security.web.authentication.logout.LogoutFilter.doFilter(LogoutFilter.java:93) ~[spring-security-web-6.5.4.jar:6.5.4]
	at org.springframework.security.web.FilterChainProxy$VirtualFilterChain.doFilter(FilterChainProxy.java:374) ~[spring-security-web-6.5.4.jar:6.5.4]
	at org.springframework.security.web.csrf.CsrfFilter.doFilterInternal(CsrfFilter.java:134) ~[spring-security-web-6.5.4.jar:6.5.4]
	at org.springframework.web.filter.OncePerRequestFilter.doFilter(OncePerRequestFilter.java:116) ~[spring-web-6.2.15.jar:6.2.15]
	at org.springframework.security.web.FilterChainProxy$VirtualFilterChain.doFilter(FilterChainProxy.java:374) ~[spring-security-web-6.5.4.jar:6.5.4]
	at org.springframework.security.web.header.HeaderWriterFilter.doHeadersAfter(HeaderWriterFilter.java:90) ~[spring-security-web-6.5.4.jar:6.5.4]
	at org.springframework.security.web.header.HeaderWriterFilter.doFilterInternal(HeaderWriterFilter.java:75) ~[spring-security-web-6.5.4.jar:6.5.4]
	at org.springframework.web.filter.OncePerRequestFilter.doFilter(OncePerRequestFilter.java:116) ~[spring-web-6.2.15.jar:6.2.15]
	at org.springframework.security.web.FilterChainProxy$VirtualFilterChain.doFilter(FilterChainProxy.java:374) ~[spring-security-web-6.5.4.jar:6.5.4]
	at org.springframework.security.web.context.SecurityContextHolderFilter.doFilter(SecurityContextHolderFilter.java:82) ~[spring-security-web-6.5.4.jar:6.5.4]
	at org.springframework.security.web.context.SecurityContextHolderFilter.doFilter(SecurityContextHolderFilter.java:69) ~[spring-security-web-6.5.4.jar:6.5.4]
	at org.springframework.security.web.FilterChainProxy$VirtualFilterChain.doFilter(FilterChainProxy.java:374) ~[spring-security-web-6.5.4.jar:6.5.4]
	at org.springframework.security.web.context.request.async.WebAsyncManagerIntegrationFilter.doFilterInternal(WebAsyncManagerIntegrationFilter.java:62) ~[spring-security-web-6.5.4.jar:6.5.4]
	at org.springframework.web.filter.OncePerRequestFilter.doFilter(OncePerRequestFilter.java:116) ~[spring-web-6.2.15.jar:6.2.15]
	at org.springframework.security.web.FilterChainProxy$VirtualFilterChain.doFilter(FilterChainProxy.java:374) ~[spring-security-web-6.5.4.jar:6.5.4]
	at org.springframework.security.web.session.DisableEncodeUrlFilter.doFilterInternal(DisableEncodeUrlFilter.java:42) ~[spring-security-web-6.5.4.jar:6.5.4]
	at org.springframework.web.filter.OncePerRequestFilter.doFilter(OncePerRequestFilter.java:116) ~[spring-web-6.2.15.jar:6.2.15]
	at org.springframework.security.web.FilterChainProxy$VirtualFilterChain.doFilter(FilterChainProxy.java:374) ~[spring-security-web-6.5.4.jar:6.5.4]
	at org.springframework.security.web.FilterChainProxy.doFilterInternal(FilterChainProxy.java:233) ~[spring-security-web-6.5.4.jar:6.5.4]
	at org.springframework.security.web.FilterChainProxy.doFilter(FilterChainProxy.java:191) ~[spring-security-web-6.5.4.jar:6.5.4]
	at org.springframework.web.filter.CompositeFilter$VirtualFilterChain.doFilter(CompositeFilter.java:113) ~[spring-web-6.2.15.jar:6.2.15]
	at org.springframework.web.filter.ServletRequestPathFilter.doFilter(ServletRequestPathFilter.java:52) ~[spring-web-6.2.15.jar:6.2.15]
	at org.springframework.web.filter.CompositeFilter$VirtualFilterChain.doFilter(CompositeFilter.java:113) ~[spring-web-6.2.15.jar:6.2.15]
	at org.springframework.web.filter.CompositeFilter.doFilter(CompositeFilter.java:74) ~[spring-web-6.2.15.jar:6.2.15]
	at org.springframework.security.config.annotation.web.configuration.WebSecurityConfiguration$CompositeFilterChainProxy.doFilter(WebSecurityConfiguration.java:319) ~[spring-security-config-6.5.4.jar:6.5.4]
	at org.springframework.web.filter.CompositeFilter$VirtualFilterChain.doFilter(CompositeFilter.java:113) ~[spring-web-6.2.15.jar:6.2.15]
	at org.springframework.web.servlet.handler.HandlerMappingIntrospector.lambda$createCacheFilter$4(HandlerMappingIntrospector.java:267) ~[spring-webmvc-6.2.15.jar:6.2.15]
	at org.springframework.web.filter.CompositeFilter$VirtualFilterChain.doFilter(CompositeFilter.java:113) ~[spring-web-6.2.15.jar:6.2.15]
	at org.springframework.web.filter.CompositeFilter.doFilter(CompositeFilter.java:74) ~[spring-web-6.2.15.jar:6.2.15]
	at org.springframework.security.config.annotation.web.configuration.WebMvcSecurityConfiguration$CompositeFilterChainProxy.doFilter(WebMvcSecurityConfiguration.java:240) ~[spring-security-config-6.5.4.jar:6.5.4]
	at org.springframework.web.filter.DelegatingFilterProxy.invokeDelegate(DelegatingFilterProxy.java:362) ~[spring-web-6.2.15.jar:6.2.15]
	at org.springframework.web.filter.DelegatingFilterProxy.doFilter(DelegatingFilterProxy.java:278) ~[spring-web-6.2.15.jar:6.2.15]
	at org.apache.catalina.core.ApplicationFilterChain.internalDoFilter(ApplicationFilterChain.java:162) ~[tomcat-embed-core-10.1.50.jar:10.1.50]
	at org.apache.catalina.core.ApplicationFilterChain.doFilter(ApplicationFilterChain.java:138) ~[tomcat-embed-core-10.1.50.jar:10.1.50]
	at org.springframework.web.filter.RequestContextFilter.doFilterInternal(RequestContextFilter.java:100) ~[spring-web-6.2.15.jar:6.2.15]
	at org.springframework.web.filter.OncePerRequestFilter.doFilter(OncePerRequestFilter.java:116) ~[spring-web-6.2.15.jar:6.2.15]
	at org.apache.catalina.core.ApplicationFilterChain.internalDoFilter(ApplicationFilterChain.java:162) ~[tomcat-embed-core-10.1.50.jar:10.1.50]
	at org.apache.catalina.core.ApplicationFilterChain.doFilter(ApplicationFilterChain.java:138) ~[tomcat-embed-core-10.1.50.jar:10.1.50]
	at org.springframework.web.filter.FormContentFilter.doFilterInternal(FormContentFilter.java:93) ~[spring-web-6.2.15.jar:6.2.15]
	at org.springframework.web.filter.OncePerRequestFilter.doFilter(OncePerRequestFilter.java:116) ~[spring-web-6.2.15.jar:6.2.15]
	at org.apache.catalina.core.ApplicationFilterChain.internalDoFilter(ApplicationFilterChain.java:162) ~[tomcat-embed-core-10.1.50.jar:10.1.50]
	at org.apache.catalina.core.ApplicationFilterChain.doFilter(ApplicationFilterChain.java:138) ~[tomcat-embed-core-10.1.50.jar:10.1.50]
	at org.springframework.web.filter.CharacterEncodingFilter.doFilterInternal(CharacterEncodingFilter.java:201) ~[spring-web-6.2.15.jar:6.2.15]
	at org.springframework.web.filter.OncePerRequestFilter.doFilter(OncePerRequestFilter.java:116) ~[spring-web-6.2.15.jar:6.2.15]
	at org.apache.catalina.core.ApplicationFilterChain.internalDoFilter(ApplicationFilterChain.java:162) ~[tomcat-embed-core-10.1.50.jar:10.1.50]
	at org.apache.catalina.core.ApplicationFilterChain.doFilter(ApplicationFilterChain.java:138) ~[tomcat-embed-core-10.1.50.jar:10.1.50]
	at org.apache.catalina.core.StandardWrapperValve.invoke(StandardWrapperValve.java:165) ~[tomcat-embed-core-10.1.50.jar:10.1.50]
	at org.apache.catalina.core.StandardContextValve.invoke(StandardContextValve.java:88) ~[tomcat-embed-core-10.1.50.jar:10.1.50]
	at org.apache.catalina.authenticator.AuthenticatorBase.invoke(AuthenticatorBase.java:482) ~[tomcat-embed-core-10.1.50.jar:10.1.50]
	at org.apache.catalina.core.StandardHostValve.invoke(StandardHostValve.java:113) ~[tomcat-embed-core-10.1.50.jar:10.1.50]
	at org.apache.catalina.valves.ErrorReportValve.invoke(ErrorReportValve.java:83) ~[tomcat-embed-core-10.1.50.jar:10.1.50]
	at org.apache.catalina.core.StandardEngineValve.invoke(StandardEngineValve.java:72) ~[tomcat-embed-core-10.1.50.jar:10.1.50]
	at org.apache.catalina.connector.CoyoteAdapter.service(CoyoteAdapter.java:342) ~[tomcat-embed-core-10.1.50.jar:10.1.50]
	at org.apache.coyote.http11.Http11Processor.service(Http11Processor.java:399) ~[tomcat-embed-core-10.1.50.jar:10.1.50]
	at org.apache.coyote.AbstractProcessorLight.process(AbstractProcessorLight.java:63) ~[tomcat-embed-core-10.1.50.jar:10.1.50]
	at org.apache.coyote.AbstractProtocol$ConnectionHandler.process(AbstractProtocol.java:903) ~[tomcat-embed-core-10.1.50.jar:10.1.50]
	at org.apache.tomcat.util.net.NioEndpoint$SocketProcessor.doRun(NioEndpoint.java:1774) ~[tomcat-embed-core-10.1.50.jar:10.1.50]
	at org.apache.tomcat.util.net.SocketProcessorBase.run(SocketProcessorBase.java:52) ~[tomcat-embed-core-10.1.50.jar:10.1.50]
	at org.apache.tomcat.util.threads.ThreadPoolExecutor.runWorker(ThreadPoolExecutor.java:973) ~[tomcat-embed-core-10.1.50.jar:10.1.50]
	at org.apache.tomcat.util.threads.ThreadPoolExecutor$Worker.run(ThreadPoolExecutor.java:491) ~[tomcat-embed-core-10.1.50.jar:10.1.50]
	at org.apache.tomcat.util.threads.TaskThread$WrappingRunnable.run(TaskThread.java:63) ~[tomcat-embed-core-10.1.50.jar:10.1.50]
	at java.base/java.lang.Thread.run(Thread.java:842) ~[na:na]

2026-03-16T02:10:04.822+04:00 ERROR 10820 --- [0.0-8082-exec-5] s.e.ErrorMvcAutoConfiguration$StaticView : Cannot render error page for request [/lectures/add] and exception [An error happened during template parsing (template: "class path resource [templates/lecture/add.html]")] as the response has already been committed. As a result, the response may have the wrong status code.
2026-03-16T02:12:31.296+04:00  INFO 10820 --- [   File Watcher] rtingClassPathChangeChangedEventListener : Restarting due to 1 class path change (0 additions, 0 deletions, 1 modification)
2026-03-16T02:12:31.302+04:00  INFO 10820 --- [       Thread-1] o.s.b.w.e.tomcat.GracefulShutdown        : Commencing graceful shutdown. Waiting for active requests to complete
2026-03-16T02:12:31.512+04:00  INFO 10820 --- [tomcat-shutdown] o.s.b.w.e.tomcat.GracefulShutdown        : Graceful shutdown complete
2026-03-16T02:12:31.517+04:00  INFO 10820 --- [       Thread-1] j.LocalContainerEntityManagerFactoryBean : Closing JPA EntityManagerFactory for persistence unit 'default'
2026-03-16T02:12:31.521+04:00  INFO 10820 --- [       Thread-1] com.zaxxer.hikari.HikariDataSource       : HikariPool-1 - Shutdown initiated...
2026-03-16T02:12:31.537+04:00  INFO 10820 --- [       Thread-1] com.zaxxer.hikari.HikariDataSource       : HikariPool-1 - Shutdown completed.

  .   ____          _            __ _ _
 /\\ / ___'_ __ _ _(_)_ __  __ _ \ \ \ \
( ( )\___ | '_ | '_| | '_ \/ _` | \ \ \ \
 \\/  ___)| |_)| | | | | || (_| |  ) ) ) )
  '  |____| .__|_| |_|_| |_\__, | / / / /
 =========|_|==============|___/=/_/_/_/

 :: Spring Boot ::                (v3.5.0)

2026-03-16T02:12:31.697+04:00  INFO 10820 --- [  restartedMain] com.tlat.tlat                            : Starting tlat using Java 17.0.12 with PID 10820 (C:\Users\xenycx\Desktop\Projects\tlat-springboot - georgian test\target\classes started by xenycx in C:\Users\xenycx\Desktop\Projects\tlat-springboot - georgian test)
2026-03-16T02:12:31.697+04:00  INFO 10820 --- [  restartedMain] com.tlat.tlat                            : No active profile set, falling back to 1 default profile: "default"
2026-03-16T02:12:31.959+04:00  INFO 10820 --- [  restartedMain] .s.d.r.c.RepositoryConfigurationDelegate : Multiple Spring Data modules found, entering strict repository configuration mode
2026-03-16T02:12:31.959+04:00  INFO 10820 --- [  restartedMain] .s.d.r.c.RepositoryConfigurationDelegate : Bootstrapping Spring Data JDBC repositories in DEFAULT mode.
2026-03-16T02:12:31.965+04:00  INFO 10820 --- [  restartedMain] .RepositoryConfigurationExtensionSupport : Spring Data JDBC - Could not safely identify store assignment for repository candidate interface com.tlat.Repository.AppSettingRepository; If you want this repository to be a JDBC repository, consider annotating your entities with one of these annotations: org.springframework.data.relational.core.mapping.Table.
2026-03-16T02:12:31.966+04:00  INFO 10820 --- [  restartedMain] .RepositoryConfigurationExtensionSupport : Spring Data JDBC - Could not safely identify store assignment for repository candidate interface com.tlat.Repository.AttendanceRecordRepository; If you want this repository to be a JDBC repository, consider annotating your entities with one of these annotations: org.springframework.data.relational.core.mapping.Table.
2026-03-16T02:12:31.968+04:00  INFO 10820 --- [  restartedMain] .RepositoryConfigurationExtensionSupport : Spring Data JDBC - Could not safely identify store assignment for repository candidate interface com.tlat.Repository.LearningResourceRepository; If you want this repository to be a JDBC repository, consider annotating your entities with one of these annotations: org.springframework.data.relational.core.mapping.Table.
2026-03-16T02:12:31.969+04:00  INFO 10820 --- [  restartedMain] .RepositoryConfigurationExtensionSupport : Spring Data JDBC - Could not safely identify store assignment for repository candidate interface com.tlat.Repository.LectureRepository; If you want this repository to be a JDBC repository, consider annotating your entities with one of these annotations: org.springframework.data.relational.core.mapping.Table.
2026-03-16T02:12:31.969+04:00  INFO 10820 --- [  restartedMain] .RepositoryConfigurationExtensionSupport : Spring Data JDBC - Could not safely identify store assignment for repository candidate interface com.tlat.Repository.LectureScheduleRepository; If you want this repository to be a JDBC repository, consider annotating your entities with one of these annotations: org.springframework.data.relational.core.mapping.Table.
2026-03-16T02:12:31.970+04:00  INFO 10820 --- [  restartedMain] .RepositoryConfigurationExtensionSupport : Spring Data JDBC - Could not safely identify store assignment for repository candidate interface com.tlat.Repository.ResourceAuditLogRepository; If you want this repository to be a JDBC repository, consider annotating your entities with one of these annotations: org.springframework.data.relational.core.mapping.Table.
2026-03-16T02:12:31.971+04:00  INFO 10820 --- [  restartedMain] .RepositoryConfigurationExtensionSupport : Spring Data JDBC - Could not safely identify store assignment for repository candidate interface com.tlat.Repository.RoleRepository; If you want this repository to be a JDBC repository, consider annotating your entities with one of these annotations: org.springframework.data.relational.core.mapping.Table.
2026-03-16T02:12:31.972+04:00  INFO 10820 --- [  restartedMain] .RepositoryConfigurationExtensionSupport : Spring Data JDBC - Could not safely identify store assignment for repository candidate interface com.tlat.Repository.RoomRepository; If you want this repository to be a JDBC repository, consider annotating your entities with one of these annotations: org.springframework.data.relational.core.mapping.Table.
2026-03-16T02:12:31.974+04:00  INFO 10820 --- [  restartedMain] .RepositoryConfigurationExtensionSupport : Spring Data JDBC - Could not safely identify store assignment for repository candidate interface com.tlat.Repository.StudentGroupRepository; If you want this repository to be a JDBC repository, consider annotating your entities with one of these annotations: org.springframework.data.relational.core.mapping.Table.
2026-03-16T02:12:31.976+04:00  INFO 10820 --- [  restartedMain] .RepositoryConfigurationExtensionSupport : Spring Data JDBC - Could not safely identify store assignment for repository candidate interface com.tlat.Repository.UserRepository; If you want this repository to be a JDBC repository, consider annotating your entities with one of these annotations: org.springframework.data.relational.core.mapping.Table.
2026-03-16T02:12:31.976+04:00  INFO 10820 --- [  restartedMain] .s.d.r.c.RepositoryConfigurationDelegate : Finished Spring Data repository scanning in 16 ms. Found 0 JDBC repository interfaces.
2026-03-16T02:12:31.980+04:00  INFO 10820 --- [  restartedMain] .s.d.r.c.RepositoryConfigurationDelegate : Multiple Spring Data modules found, entering strict repository configuration mode
2026-03-16T02:12:31.980+04:00  INFO 10820 --- [  restartedMain] .s.d.r.c.RepositoryConfigurationDelegate : Bootstrapping Spring Data JPA repositories in DEFAULT mode.
2026-03-16T02:12:31.997+04:00  INFO 10820 --- [  restartedMain] .s.d.r.c.RepositoryConfigurationDelegate : Finished Spring Data repository scanning in 16 ms. Found 10 JPA repository interfaces.
2026-03-16T02:12:32.172+04:00  INFO 10820 --- [  restartedMain] o.s.b.w.embedded.tomcat.TomcatWebServer  : Tomcat initialized with port 8082 (http)
2026-03-16T02:12:32.174+04:00  INFO 10820 --- [  restartedMain] o.apache.catalina.core.StandardService   : Starting service [Tomcat]
2026-03-16T02:12:32.175+04:00  INFO 10820 --- [  restartedMain] o.apache.catalina.core.StandardEngine    : Starting Servlet engine: [Apache Tomcat/10.1.50]
2026-03-16T02:12:32.198+04:00  INFO 10820 --- [  restartedMain] o.a.c.c.C.[Tomcat].[localhost].[/]       : Initializing Spring embedded WebApplicationContext
2026-03-16T02:12:32.198+04:00  INFO 10820 --- [  restartedMain] w.s.c.ServletWebServerApplicationContext : Root WebApplicationContext: initialization completed in 497 ms
2026-03-16T02:12:32.281+04:00  INFO 10820 --- [  restartedMain] o.hibernate.jpa.internal.util.LogHelper  : HHH000204: Processing PersistenceUnitInfo [name: default]
2026-03-16T02:12:32.283+04:00  INFO 10820 --- [  restartedMain] o.h.c.internal.RegionFactoryInitiator    : HHH000026: Second-level cache disabled
2026-03-16T02:12:32.294+04:00  INFO 10820 --- [  restartedMain] o.s.o.j.p.SpringPersistenceUnitInfo      : No LoadTimeWeaver setup: ignoring JPA class transformer
2026-03-16T02:12:32.295+04:00  INFO 10820 --- [  restartedMain] com.zaxxer.hikari.HikariDataSource       : HikariPool-2 - Starting...
2026-03-16T02:12:32.752+04:00  INFO 10820 --- [  restartedMain] com.zaxxer.hikari.pool.HikariPool        : HikariPool-2 - Added connection com.mysql.cj.jdbc.ConnectionImpl@ec0e063
2026-03-16T02:12:32.752+04:00  INFO 10820 --- [  restartedMain] com.zaxxer.hikari.HikariDataSource       : HikariPool-2 - Start completed.
2026-03-16T02:12:32.758+04:00  WARN 10820 --- [  restartedMain] org.hibernate.orm.deprecation            : HHH90000025: MySQLDialect does not need to be specified explicitly using 'hibernate.dialect' (remove the property setting and it will be selected by default)
2026-03-16T02:12:32.758+04:00  INFO 10820 --- [  restartedMain] org.hibernate.orm.connections.pooling    : HHH10001005: Database info:
	Database JDBC URL [Connecting through datasource 'HikariDataSource (HikariPool-2)']
	Database driver: undefined/unknown
	Database version: 8.0.42
	Autocommit mode: undefined/unknown
	Isolation level: undefined/unknown
	Minimum pool size: undefined/unknown
	Maximum pool size: undefined/unknown
2026-03-16T02:12:33.017+04:00  INFO 10820 --- [  restartedMain] o.h.e.t.j.p.i.JtaPlatformInitiator       : HHH000489: No JTA platform available (set 'hibernate.transaction.jta.platform' to enable JTA platform integration)
2026-03-16T02:12:33.287+04:00  INFO 10820 --- [  restartedMain] j.LocalContainerEntityManagerFactoryBean : Initialized JPA EntityManagerFactory for persistence unit 'default'
2026-03-16T02:12:34.042+04:00  WARN 10820 --- [  restartedMain] r$InitializeUserDetailsManagerConfigurer : Global AuthenticationManager configured with an AuthenticationProvider bean. UserDetailsService beans will not be used by Spring Security for automatically configuring username/password login. Consider removing the AuthenticationProvider bean. Alternatively, consider using the UserDetailsService in a manually instantiated DaoAuthenticationProvider. If the current configuration is intentional, to turn off this warning, increase the logging level of 'org.springframework.security.config.annotation.authentication.configuration.InitializeUserDetailsBeanManagerConfigurer' to ERROR
2026-03-16T02:12:34.269+04:00  WARN 10820 --- [  restartedMain] o.s.b.d.a.OptionalLiveReloadServer       : Unable to start LiveReload server
2026-03-16T02:12:34.281+04:00  INFO 10820 --- [  restartedMain] o.s.b.w.embedded.tomcat.TomcatWebServer  : Tomcat started on port 8082 (http) with context path '/'
2026-03-16T02:12:34.285+04:00  INFO 10820 --- [  restartedMain] com.tlat.tlat                            : Started tlat in 2.63 seconds (process running for 279.551)
2026-03-16T02:12:34.287+04:00  INFO 10820 --- [  restartedMain] .ConditionEvaluationDeltaLoggingListener : Condition evaluation unchanged
2026-03-16T02:12:34.345+04:00  INFO 10820 --- [  restartedMain] .t.s.I.LectureSchemaCompatibilityService : Lecture legacy schema compatibility migration completed
2026-03-16T02:12:34.353+04:00  INFO 10820 --- [  restartedMain] com.tlat.service.Impl.UserServiceImpl    : Legacy column users.is_paid not found; skipping
2026-03-16T02:18:46.119+04:00  INFO 10820 --- [   File Watcher] rtingClassPathChangeChangedEventListener : Restarting due to 3 class path changes (0 additions, 0 deletions, 3 modifications)
2026-03-16T02:18:46.121+04:00  INFO 10820 --- [       Thread-5] o.s.b.w.e.tomcat.GracefulShutdown        : Commencing graceful shutdown. Waiting for active requests to complete
2026-03-16T02:18:46.275+04:00  INFO 10820 --- [tomcat-shutdown] o.s.b.w.e.tomcat.GracefulShutdown        : Graceful shutdown complete
2026-03-16T02:18:46.278+04:00  INFO 10820 --- [       Thread-5] j.LocalContainerEntityManagerFactoryBean : Closing JPA EntityManagerFactory for persistence unit 'default'
2026-03-16T02:18:46.279+04:00  INFO 10820 --- [       Thread-5] com.zaxxer.hikari.HikariDataSource       : HikariPool-2 - Shutdown initiated...
2026-03-16T02:18:46.283+04:00  INFO 10820 --- [       Thread-5] com.zaxxer.hikari.HikariDataSource       : HikariPool-2 - Shutdown completed.

  .   ____          _            __ _ _
 /\\ / ___'_ __ _ _(_)_ __  __ _ \ \ \ \
( ( )\___ | '_ | '_| | '_ \/ _` | \ \ \ \
 \\/  ___)| |_)| | | | | || (_| |  ) ) ) )
  '  |____| .__|_| |_|_| |_\__, | / / / /
 =========|_|==============|___/=/_/_/_/

 :: Spring Boot ::                (v3.5.0)

2026-03-16T02:18:46.391+04:00  INFO 10820 --- [  restartedMain] com.tlat.tlat                            : Starting tlat using Java 17.0.12 with PID 10820 (C:\Users\xenycx\Desktop\Projects\tlat-springboot - georgian test\target\classes started by xenycx in C:\Users\xenycx\Desktop\Projects\tlat-springboot - georgian test)
2026-03-16T02:18:46.391+04:00  INFO 10820 --- [  restartedMain] com.tlat.tlat                            : No active profile set, falling back to 1 default profile: "default"
2026-03-16T02:18:46.626+04:00  INFO 10820 --- [  restartedMain] .s.d.r.c.RepositoryConfigurationDelegate : Multiple Spring Data modules found, entering strict repository configuration mode
2026-03-16T02:18:46.626+04:00  INFO 10820 --- [  restartedMain] .s.d.r.c.RepositoryConfigurationDelegate : Bootstrapping Spring Data JDBC repositories in DEFAULT mode.
2026-03-16T02:18:46.632+04:00  INFO 10820 --- [  restartedMain] .RepositoryConfigurationExtensionSupport : Spring Data JDBC - Could not safely identify store assignment for repository candidate interface com.tlat.Repository.AppSettingRepository; If you want this repository to be a JDBC repository, consider annotating your entities with one of these annotations: org.springframework.data.relational.core.mapping.Table.
2026-03-16T02:18:46.633+04:00  INFO 10820 --- [  restartedMain] .RepositoryConfigurationExtensionSupport : Spring Data JDBC - Could not safely identify store assignment for repository candidate interface com.tlat.Repository.AttendanceRecordRepository; If you want this repository to be a JDBC repository, consider annotating your entities with one of these annotations: org.springframework.data.relational.core.mapping.Table.
2026-03-16T02:18:46.634+04:00  INFO 10820 --- [  restartedMain] .RepositoryConfigurationExtensionSupport : Spring Data JDBC - Could not safely identify store assignment for repository candidate interface com.tlat.Repository.LearningResourceRepository; If you want this repository to be a JDBC repository, consider annotating your entities with one of these annotations: org.springframework.data.relational.core.mapping.Table.
2026-03-16T02:18:46.634+04:00  INFO 10820 --- [  restartedMain] .RepositoryConfigurationExtensionSupport : Spring Data JDBC - Could not safely identify store assignment for repository candidate interface com.tlat.Repository.LectureRepository; If you want this repository to be a JDBC repository, consider annotating your entities with one of these annotations: org.springframework.data.relational.core.mapping.Table.
2026-03-16T02:18:46.635+04:00  INFO 10820 --- [  restartedMain] .RepositoryConfigurationExtensionSupport : Spring Data JDBC - Could not safely identify store assignment for repository candidate interface com.tlat.Repository.LectureScheduleRepository; If you want this repository to be a JDBC repository, consider annotating your entities with one of these annotations: org.springframework.data.relational.core.mapping.Table.
2026-03-16T02:18:46.636+04:00  INFO 10820 --- [  restartedMain] .RepositoryConfigurationExtensionSupport : Spring Data JDBC - Could not safely identify store assignment for repository candidate interface com.tlat.Repository.ResourceAuditLogRepository; If you want this repository to be a JDBC repository, consider annotating your entities with one of these annotations: org.springframework.data.relational.core.mapping.Table.
2026-03-16T02:18:46.639+04:00  INFO 10820 --- [  restartedMain] .RepositoryConfigurationExtensionSupport : Spring Data JDBC - Could not safely identify store assignment for repository candidate interface com.tlat.Repository.RoleRepository; If you want this repository to be a JDBC repository, consider annotating your entities with one of these annotations: org.springframework.data.relational.core.mapping.Table.
2026-03-16T02:18:46.640+04:00  INFO 10820 --- [  restartedMain] .RepositoryConfigurationExtensionSupport : Spring Data JDBC - Could not safely identify store assignment for repository candidate interface com.tlat.Repository.RoomRepository; If you want this repository to be a JDBC repository, consider annotating your entities with one of these annotations: org.springframework.data.relational.core.mapping.Table.
2026-03-16T02:18:46.641+04:00  INFO 10820 --- [  restartedMain] .RepositoryConfigurationExtensionSupport : Spring Data JDBC - Could not safely identify store assignment for repository candidate interface com.tlat.Repository.StudentGroupRepository; If you want this repository to be a JDBC repository, consider annotating your entities with one of these annotations: org.springframework.data.relational.core.mapping.Table.
2026-03-16T02:18:46.642+04:00  INFO 10820 --- [  restartedMain] .RepositoryConfigurationExtensionSupport : Spring Data JDBC - Could not safely identify store assignment for repository candidate interface com.tlat.Repository.UserRepository; If you want this repository to be a JDBC repository, consider annotating your entities with one of these annotations: org.springframework.data.relational.core.mapping.Table.
2026-03-16T02:18:46.642+04:00  INFO 10820 --- [  restartedMain] .s.d.r.c.RepositoryConfigurationDelegate : Finished Spring Data repository scanning in 15 ms. Found 0 JDBC repository interfaces.
2026-03-16T02:18:46.644+04:00  INFO 10820 --- [  restartedMain] .s.d.r.c.RepositoryConfigurationDelegate : Multiple Spring Data modules found, entering strict repository configuration mode
2026-03-16T02:18:46.644+04:00  INFO 10820 --- [  restartedMain] .s.d.r.c.RepositoryConfigurationDelegate : Bootstrapping Spring Data JPA repositories in DEFAULT mode.
2026-03-16T02:18:46.657+04:00  INFO 10820 --- [  restartedMain] .s.d.r.c.RepositoryConfigurationDelegate : Finished Spring Data repository scanning in 12 ms. Found 10 JPA repository interfaces.
2026-03-16T02:18:46.760+04:00  INFO 10820 --- [  restartedMain] o.s.b.w.embedded.tomcat.TomcatWebServer  : Tomcat initialized with port 8082 (http)
2026-03-16T02:18:46.761+04:00  INFO 10820 --- [  restartedMain] o.apache.catalina.core.StandardService   : Starting service [Tomcat]
2026-03-16T02:18:46.761+04:00  INFO 10820 --- [  restartedMain] o.apache.catalina.core.StandardEngine    : Starting Servlet engine: [Apache Tomcat/10.1.50]
2026-03-16T02:18:46.777+04:00  INFO 10820 --- [  restartedMain] o.a.c.c.C.[Tomcat].[localhost].[/]       : Initializing Spring embedded WebApplicationContext
2026-03-16T02:18:46.777+04:00  INFO 10820 --- [  restartedMain] w.s.c.ServletWebServerApplicationContext : Root WebApplicationContext: initialization completed in 384 ms
2026-03-16T02:18:46.827+04:00  INFO 10820 --- [  restartedMain] o.hibernate.jpa.internal.util.LogHelper  : HHH000204: Processing PersistenceUnitInfo [name: default]
2026-03-16T02:18:46.829+04:00  INFO 10820 --- [  restartedMain] o.h.c.internal.RegionFactoryInitiator    : HHH000026: Second-level cache disabled
2026-03-16T02:18:46.835+04:00  INFO 10820 --- [  restartedMain] o.s.o.j.p.SpringPersistenceUnitInfo      : No LoadTimeWeaver setup: ignoring JPA class transformer
2026-03-16T02:18:46.836+04:00  INFO 10820 --- [  restartedMain] com.zaxxer.hikari.HikariDataSource       : HikariPool-3 - Starting...
2026-03-16T02:18:47.301+04:00  INFO 10820 --- [  restartedMain] com.zaxxer.hikari.pool.HikariPool        : HikariPool-3 - Added connection com.mysql.cj.jdbc.ConnectionImpl@275bde23
2026-03-16T02:18:47.301+04:00  INFO 10820 --- [  restartedMain] com.zaxxer.hikari.HikariDataSource       : HikariPool-3 - Start completed.
2026-03-16T02:18:47.305+04:00  WARN 10820 --- [  restartedMain] org.hibernate.orm.deprecation            : HHH90000025: MySQLDialect does not need to be specified explicitly using 'hibernate.dialect' (remove the property setting and it will be selected by default)
2026-03-16T02:18:47.306+04:00  INFO 10820 --- [  restartedMain] org.hibernate.orm.connections.pooling    : HHH10001005: Database info:
	Database JDBC URL [Connecting through datasource 'HikariDataSource (HikariPool-3)']
	Database driver: undefined/unknown
	Database version: 8.0.42
	Autocommit mode: undefined/unknown
	Isolation level: undefined/unknown
	Minimum pool size: undefined/unknown
	Maximum pool size: undefined/unknown
2026-03-16T02:18:47.426+04:00  INFO 10820 --- [  restartedMain] o.h.e.t.j.p.i.JtaPlatformInitiator       : HHH000489: No JTA platform available (set 'hibernate.transaction.jta.platform' to enable JTA platform integration)
2026-03-16T02:18:47.683+04:00  INFO 10820 --- [  restartedMain] j.LocalContainerEntityManagerFactoryBean : Initialized JPA EntityManagerFactory for persistence unit 'default'
2026-03-16T02:18:48.283+04:00  WARN 10820 --- [  restartedMain] r$InitializeUserDetailsManagerConfigurer : Global AuthenticationManager configured with an AuthenticationProvider bean. UserDetailsService beans will not be used by Spring Security for automatically configuring username/password login. Consider removing the AuthenticationProvider bean. Alternatively, consider using the UserDetailsService in a manually instantiated DaoAuthenticationProvider. If the current configuration is intentional, to turn off this warning, increase the logging level of 'org.springframework.security.config.annotation.authentication.configuration.InitializeUserDetailsBeanManagerConfigurer' to ERROR
2026-03-16T02:18:48.549+04:00  WARN 10820 --- [  restartedMain] o.s.b.d.a.OptionalLiveReloadServer       : Unable to start LiveReload server
2026-03-16T02:18:48.559+04:00  INFO 10820 --- [  restartedMain] o.s.b.w.embedded.tomcat.TomcatWebServer  : Tomcat started on port 8082 (http) with context path '/'
2026-03-16T02:18:48.563+04:00  INFO 10820 --- [  restartedMain] com.tlat.tlat                            : Started tlat in 2.199 seconds (process running for 653.83)
2026-03-16T02:18:48.565+04:00  INFO 10820 --- [  restartedMain] .ConditionEvaluationDeltaLoggingListener : Condition evaluation unchanged
2026-03-16T02:18:48.619+04:00  INFO 10820 --- [  restartedMain] .t.s.I.LectureSchemaCompatibilityService : Lecture legacy schema compatibility migration completed
2026-03-16T02:18:48.627+04:00  INFO 10820 --- [  restartedMain] com.tlat.service.Impl.UserServiceImpl    : Legacy column users.is_paid not found; skipping
